-- MySQL dump 10.13  Distrib 8.0.20, for Win64 (x86_64)
--
-- Host: localhost    Database: vk_1
-- ------------------------------------------------------
-- Server version	8.0.20

/*!40101 SET @OLD_CHARACTER_SET_CLIENT=@@CHARACTER_SET_CLIENT */;
/*!40101 SET @OLD_CHARACTER_SET_RESULTS=@@CHARACTER_SET_RESULTS */;
/*!40101 SET @OLD_COLLATION_CONNECTION=@@COLLATION_CONNECTION */;
/*!50503 SET NAMES utf8mb4 */;
/*!40103 SET @OLD_TIME_ZONE=@@TIME_ZONE */;
/*!40103 SET TIME_ZONE='+00:00' */;
/*!40014 SET @OLD_UNIQUE_CHECKS=@@UNIQUE_CHECKS, UNIQUE_CHECKS=0 */;
/*!40014 SET @OLD_FOREIGN_KEY_CHECKS=@@FOREIGN_KEY_CHECKS, FOREIGN_KEY_CHECKS=0 */;
/*!40101 SET @OLD_SQL_MODE=@@SQL_MODE, SQL_MODE='NO_AUTO_VALUE_ON_ZERO' */;
/*!40111 SET @OLD_SQL_NOTES=@@SQL_NOTES, SQL_NOTES=0 */;

--
-- Table structure for table `comments`
--

DROP TABLE IF EXISTS `comments`;
/*!40101 SET @saved_cs_client     = @@character_set_client */;
/*!50503 SET character_set_client = utf8mb4 */;
CREATE TABLE `comments` (
  `id` bigint unsigned NOT NULL AUTO_INCREMENT,
  `user_id` bigint unsigned NOT NULL,
  `post_id` bigint unsigned NOT NULL,
  `body` text,
  `created_at` datetime DEFAULT CURRENT_TIMESTAMP,
  `updated_at` datetime DEFAULT CURRENT_TIMESTAMP ON UPDATE CURRENT_TIMESTAMP,
  PRIMARY KEY (`id`),
  UNIQUE KEY `id` (`id`),
  KEY `user_id` (`user_id`),
  KEY `post_id` (`post_id`),
  CONSTRAINT `comments_ibfk_1` FOREIGN KEY (`user_id`) REFERENCES `users` (`id`),
  CONSTRAINT `comments_ibfk_2` FOREIGN KEY (`post_id`) REFERENCES `posts` (`id`)
) ENGINE=InnoDB AUTO_INCREMENT=101 DEFAULT CHARSET=utf8mb4 COLLATE=utf8mb4_0900_ai_ci;
/*!40101 SET character_set_client = @saved_cs_client */;

--
-- Dumping data for table `comments`
--

LOCK TABLES `comments` WRITE;
/*!40000 ALTER TABLE `comments` DISABLE KEYS */;
INSERT INTO `comments` VALUES (1,1,1,'Quisque id justo sit amet sapien dignissim vestibulum. Vestibulum ante ipsum primis in faucibus orci luctus et ultrices posuere cubilia Curae; Nulla dapibus dolor vel est. Donec odio justo, sollicitudin ut, suscipit a, feugiat et, eros.\n\nVestibulum ac est lacinia nisi venenatis tristique. Fusce congue, diam id ornare imperdiet, sapien urna pretium nisl, ut volutpat sapien arcu sed augue. Aliquam erat volutpat.\n\nIn congue. Etiam justo. Etiam pretium iaculis justo.','2020-05-02 00:00:00','2019-11-02 00:00:00'),(2,2,2,'Praesent blandit. Nam nulla. Integer pede justo, lacinia eget, tincidunt eget, tempus vel, pede.\n\nMorbi porttitor lorem id ligula. Suspendisse ornare consequat lectus. In est risus, auctor sed, tristique in, tempus sit amet, sem.\n\nFusce consequat. Nulla nisl. Nunc nisl.','2020-01-30 00:00:00','2020-07-23 00:00:00'),(3,3,3,'Cras mi pede, malesuada in, imperdiet et, commodo vulputate, justo. In blandit ultrices enim. Lorem ipsum dolor sit amet, consectetuer adipiscing elit.','2020-06-09 00:00:00','2019-09-11 00:00:00'),(4,4,4,'In hac habitasse platea dictumst. Etiam faucibus cursus urna. Ut tellus.','2020-03-27 00:00:00','2019-11-09 00:00:00'),(5,5,5,'Aenean lectus. Pellentesque eget nunc. Donec quis orci eget orci vehicula condimentum.','2019-11-13 00:00:00','2020-03-01 00:00:00'),(6,6,6,'In quis justo. Maecenas rhoncus aliquam lacus. Morbi quis tortor id nulla ultrices aliquet.\n\nMaecenas leo odio, condimentum id, luctus nec, molestie sed, justo. Pellentesque viverra pede ac diam. Cras pellentesque volutpat dui.\n\nMaecenas tristique, est et tempus semper, est quam pharetra magna, ac consequat metus sapien ut nunc. Vestibulum ante ipsum primis in faucibus orci luctus et ultrices posuere cubilia Curae; Mauris viverra diam vitae quam. Suspendisse potenti.','2019-10-08 00:00:00','2019-09-16 00:00:00'),(7,7,7,'Curabitur gravida nisi at nibh. In hac habitasse platea dictumst. Aliquam augue quam, sollicitudin vitae, consectetuer eget, rutrum at, lorem.\n\nInteger tincidunt ante vel ipsum. Praesent blandit lacinia erat. Vestibulum sed magna at nunc commodo placerat.','2019-09-23 00:00:00','2019-11-28 00:00:00'),(8,8,8,'Maecenas ut massa quis augue luctus tincidunt. Nulla mollis molestie lorem. Quisque ut erat.\n\nCurabitur gravida nisi at nibh. In hac habitasse platea dictumst. Aliquam augue quam, sollicitudin vitae, consectetuer eget, rutrum at, lorem.','2020-02-06 00:00:00','2020-03-22 00:00:00'),(9,9,9,'In congue. Etiam justo. Etiam pretium iaculis justo.','2019-12-07 00:00:00','2019-08-08 00:00:00'),(10,10,10,'Quisque porta volutpat erat. Quisque erat eros, viverra eget, congue eget, semper rutrum, nulla. Nunc purus.\n\nPhasellus in felis. Donec semper sapien a libero. Nam dui.','2020-06-05 00:00:00','2019-10-09 00:00:00'),(11,11,11,'Etiam vel augue. Vestibulum rutrum rutrum neque. Aenean auctor gravida sem.\n\nPraesent id massa id nisl venenatis lacinia. Aenean sit amet justo. Morbi ut odio.','2019-08-26 00:00:00','2019-10-03 00:00:00'),(12,12,12,'Integer ac leo. Pellentesque ultrices mattis odio. Donec vitae nisi.','2019-10-28 00:00:00','2019-10-27 00:00:00'),(13,13,13,'Proin leo odio, porttitor id, consequat in, consequat ut, nulla. Sed accumsan felis. Ut at dolor quis odio consequat varius.','2019-10-16 00:00:00','2020-03-12 00:00:00'),(14,14,14,'Fusce posuere felis sed lacus. Morbi sem mauris, laoreet ut, rhoncus aliquet, pulvinar sed, nisl. Nunc rhoncus dui vel sem.\n\nSed sagittis. Nam congue, risus semper porta volutpat, quam pede lobortis ligula, sit amet eleifend pede libero quis orci. Nullam molestie nibh in lectus.\n\nPellentesque at nulla. Suspendisse potenti. Cras in purus eu magna vulputate luctus.','2020-04-12 00:00:00','2020-01-10 00:00:00'),(15,15,15,'Duis bibendum. Morbi non quam nec dui luctus rutrum. Nulla tellus.\n\nIn sagittis dui vel nisl. Duis ac nibh. Fusce lacus purus, aliquet at, feugiat non, pretium quis, lectus.\n\nSuspendisse potenti. In eleifend quam a odio. In hac habitasse platea dictumst.','2019-11-24 00:00:00','2020-07-08 00:00:00'),(16,16,16,'Maecenas tristique, est et tempus semper, est quam pharetra magna, ac consequat metus sapien ut nunc. Vestibulum ante ipsum primis in faucibus orci luctus et ultrices posuere cubilia Curae; Mauris viverra diam vitae quam. Suspendisse potenti.\n\nNullam porttitor lacus at turpis. Donec posuere metus vitae ipsum. Aliquam non mauris.\n\nMorbi non lectus. Aliquam sit amet diam in magna bibendum imperdiet. Nullam orci pede, venenatis non, sodales sed, tincidunt eu, felis.','2019-08-04 00:00:00','2019-11-22 00:00:00'),(17,17,17,'In sagittis dui vel nisl. Duis ac nibh. Fusce lacus purus, aliquet at, feugiat non, pretium quis, lectus.\n\nSuspendisse potenti. In eleifend quam a odio. In hac habitasse platea dictumst.','2019-10-13 00:00:00','2020-05-28 00:00:00'),(18,18,18,'Proin interdum mauris non ligula pellentesque ultrices. Phasellus id sapien in sapien iaculis congue. Vivamus metus arcu, adipiscing molestie, hendrerit at, vulputate vitae, nisl.\n\nAenean lectus. Pellentesque eget nunc. Donec quis orci eget orci vehicula condimentum.','2019-09-14 00:00:00','2020-06-13 00:00:00'),(19,19,19,'Cras mi pede, malesuada in, imperdiet et, commodo vulputate, justo. In blandit ultrices enim. Lorem ipsum dolor sit amet, consectetuer adipiscing elit.\n\nProin interdum mauris non ligula pellentesque ultrices. Phasellus id sapien in sapien iaculis congue. Vivamus metus arcu, adipiscing molestie, hendrerit at, vulputate vitae, nisl.\n\nAenean lectus. Pellentesque eget nunc. Donec quis orci eget orci vehicula condimentum.','2020-06-24 00:00:00','2020-02-27 00:00:00'),(20,20,20,'Proin leo odio, porttitor id, consequat in, consequat ut, nulla. Sed accumsan felis. Ut at dolor quis odio consequat varius.\n\nInteger ac leo. Pellentesque ultrices mattis odio. Donec vitae nisi.\n\nNam ultrices, libero non mattis pulvinar, nulla pede ullamcorper augue, a suscipit nulla elit ac nulla. Sed vel enim sit amet nunc viverra dapibus. Nulla suscipit ligula in lacus.','2019-08-06 00:00:00','2020-01-07 00:00:00'),(21,21,21,'Praesent blandit. Nam nulla. Integer pede justo, lacinia eget, tincidunt eget, tempus vel, pede.\n\nMorbi porttitor lorem id ligula. Suspendisse ornare consequat lectus. In est risus, auctor sed, tristique in, tempus sit amet, sem.','2020-06-21 00:00:00','2019-10-18 00:00:00'),(22,22,22,'Nam ultrices, libero non mattis pulvinar, nulla pede ullamcorper augue, a suscipit nulla elit ac nulla. Sed vel enim sit amet nunc viverra dapibus. Nulla suscipit ligula in lacus.','2020-02-17 00:00:00','2019-12-08 00:00:00'),(23,23,23,'Vestibulum quam sapien, varius ut, blandit non, interdum in, ante. Vestibulum ante ipsum primis in faucibus orci luctus et ultrices posuere cubilia Curae; Duis faucibus accumsan odio. Curabitur convallis.\n\nDuis consequat dui nec nisi volutpat eleifend. Donec ut dolor. Morbi vel lectus in quam fringilla rhoncus.\n\nMauris enim leo, rhoncus sed, vestibulum sit amet, cursus id, turpis. Integer aliquet, massa id lobortis convallis, tortor risus dapibus augue, vel accumsan tellus nisi eu orci. Mauris lacinia sapien quis libero.','2020-02-11 00:00:00','2020-02-07 00:00:00'),(24,24,24,'Maecenas tristique, est et tempus semper, est quam pharetra magna, ac consequat metus sapien ut nunc. Vestibulum ante ipsum primis in faucibus orci luctus et ultrices posuere cubilia Curae; Mauris viverra diam vitae quam. Suspendisse potenti.','2020-05-29 00:00:00','2019-12-19 00:00:00'),(25,25,25,'Cras mi pede, malesuada in, imperdiet et, commodo vulputate, justo. In blandit ultrices enim. Lorem ipsum dolor sit amet, consectetuer adipiscing elit.\n\nProin interdum mauris non ligula pellentesque ultrices. Phasellus id sapien in sapien iaculis congue. Vivamus metus arcu, adipiscing molestie, hendrerit at, vulputate vitae, nisl.','2019-10-15 00:00:00','2019-07-25 00:00:00'),(26,26,26,'Phasellus in felis. Donec semper sapien a libero. Nam dui.\n\nProin leo odio, porttitor id, consequat in, consequat ut, nulla. Sed accumsan felis. Ut at dolor quis odio consequat varius.','2020-04-08 00:00:00','2019-11-14 00:00:00'),(27,27,27,'Duis bibendum, felis sed interdum venenatis, turpis enim blandit mi, in porttitor pede justo eu massa. Donec dapibus. Duis at velit eu est congue elementum.','2020-05-16 00:00:00','2020-04-09 00:00:00'),(28,28,28,'Aenean lectus. Pellentesque eget nunc. Donec quis orci eget orci vehicula condimentum.','2020-05-28 00:00:00','2019-09-24 00:00:00'),(29,29,29,'Maecenas leo odio, condimentum id, luctus nec, molestie sed, justo. Pellentesque viverra pede ac diam. Cras pellentesque volutpat dui.\n\nMaecenas tristique, est et tempus semper, est quam pharetra magna, ac consequat metus sapien ut nunc. Vestibulum ante ipsum primis in faucibus orci luctus et ultrices posuere cubilia Curae; Mauris viverra diam vitae quam. Suspendisse potenti.','2020-04-28 00:00:00','2020-05-15 00:00:00'),(30,30,30,'Quisque id justo sit amet sapien dignissim vestibulum. Vestibulum ante ipsum primis in faucibus orci luctus et ultrices posuere cubilia Curae; Nulla dapibus dolor vel est. Donec odio justo, sollicitudin ut, suscipit a, feugiat et, eros.\n\nVestibulum ac est lacinia nisi venenatis tristique. Fusce congue, diam id ornare imperdiet, sapien urna pretium nisl, ut volutpat sapien arcu sed augue. Aliquam erat volutpat.','2020-06-04 00:00:00','2020-07-24 00:00:00'),(31,31,31,'Integer ac leo. Pellentesque ultrices mattis odio. Donec vitae nisi.\n\nNam ultrices, libero non mattis pulvinar, nulla pede ullamcorper augue, a suscipit nulla elit ac nulla. Sed vel enim sit amet nunc viverra dapibus. Nulla suscipit ligula in lacus.\n\nCurabitur at ipsum ac tellus semper interdum. Mauris ullamcorper purus sit amet nulla. Quisque arcu libero, rutrum ac, lobortis vel, dapibus at, diam.','2020-02-05 00:00:00','2020-05-16 00:00:00'),(32,32,32,'Suspendisse potenti. In eleifend quam a odio. In hac habitasse platea dictumst.\n\nMaecenas ut massa quis augue luctus tincidunt. Nulla mollis molestie lorem. Quisque ut erat.','2020-05-26 00:00:00','2020-02-04 00:00:00'),(33,33,33,'Suspendisse potenti. In eleifend quam a odio. In hac habitasse platea dictumst.\n\nMaecenas ut massa quis augue luctus tincidunt. Nulla mollis molestie lorem. Quisque ut erat.','2020-01-01 00:00:00','2019-12-29 00:00:00'),(34,34,34,'Cras mi pede, malesuada in, imperdiet et, commodo vulputate, justo. In blandit ultrices enim. Lorem ipsum dolor sit amet, consectetuer adipiscing elit.\n\nProin interdum mauris non ligula pellentesque ultrices. Phasellus id sapien in sapien iaculis congue. Vivamus metus arcu, adipiscing molestie, hendrerit at, vulputate vitae, nisl.','2019-11-11 00:00:00','2020-05-04 00:00:00'),(35,35,35,'Cras non velit nec nisi vulputate nonummy. Maecenas tincidunt lacus at velit. Vivamus vel nulla eget eros elementum pellentesque.\n\nQuisque porta volutpat erat. Quisque erat eros, viverra eget, congue eget, semper rutrum, nulla. Nunc purus.\n\nPhasellus in felis. Donec semper sapien a libero. Nam dui.','2020-05-25 00:00:00','2020-02-16 00:00:00'),(36,36,36,'In sagittis dui vel nisl. Duis ac nibh. Fusce lacus purus, aliquet at, feugiat non, pretium quis, lectus.','2020-04-16 00:00:00','2019-12-11 00:00:00'),(37,37,37,'Morbi porttitor lorem id ligula. Suspendisse ornare consequat lectus. In est risus, auctor sed, tristique in, tempus sit amet, sem.\n\nFusce consequat. Nulla nisl. Nunc nisl.\n\nDuis bibendum, felis sed interdum venenatis, turpis enim blandit mi, in porttitor pede justo eu massa. Donec dapibus. Duis at velit eu est congue elementum.','2020-02-17 00:00:00','2020-07-21 00:00:00'),(38,38,38,'Duis aliquam convallis nunc. Proin at turpis a pede posuere nonummy. Integer non velit.\n\nDonec diam neque, vestibulum eget, vulputate ut, ultrices vel, augue. Vestibulum ante ipsum primis in faucibus orci luctus et ultrices posuere cubilia Curae; Donec pharetra, magna vestibulum aliquet ultrices, erat tortor sollicitudin mi, sit amet lobortis sapien sapien non mi. Integer ac neque.\n\nDuis bibendum. Morbi non quam nec dui luctus rutrum. Nulla tellus.','2020-06-17 00:00:00','2020-06-12 00:00:00'),(39,39,39,'Praesent blandit. Nam nulla. Integer pede justo, lacinia eget, tincidunt eget, tempus vel, pede.\n\nMorbi porttitor lorem id ligula. Suspendisse ornare consequat lectus. In est risus, auctor sed, tristique in, tempus sit amet, sem.\n\nFusce consequat. Nulla nisl. Nunc nisl.','2019-11-22 00:00:00','2019-08-23 00:00:00'),(40,40,40,'Vestibulum ac est lacinia nisi venenatis tristique. Fusce congue, diam id ornare imperdiet, sapien urna pretium nisl, ut volutpat sapien arcu sed augue. Aliquam erat volutpat.','2020-05-02 00:00:00','2019-10-08 00:00:00'),(41,41,41,'Curabitur in libero ut massa volutpat convallis. Morbi odio odio, elementum eu, interdum eu, tincidunt in, leo. Maecenas pulvinar lobortis est.','2020-05-28 00:00:00','2019-07-31 00:00:00'),(42,42,42,'Vestibulum quam sapien, varius ut, blandit non, interdum in, ante. Vestibulum ante ipsum primis in faucibus orci luctus et ultrices posuere cubilia Curae; Duis faucibus accumsan odio. Curabitur convallis.','2020-07-21 00:00:00','2020-03-20 00:00:00'),(43,43,43,'Maecenas tristique, est et tempus semper, est quam pharetra magna, ac consequat metus sapien ut nunc. Vestibulum ante ipsum primis in faucibus orci luctus et ultrices posuere cubilia Curae; Mauris viverra diam vitae quam. Suspendisse potenti.','2020-01-18 00:00:00','2020-06-06 00:00:00'),(44,44,44,'In sagittis dui vel nisl. Duis ac nibh. Fusce lacus purus, aliquet at, feugiat non, pretium quis, lectus.','2019-12-04 00:00:00','2020-02-24 00:00:00'),(45,45,45,'Mauris enim leo, rhoncus sed, vestibulum sit amet, cursus id, turpis. Integer aliquet, massa id lobortis convallis, tortor risus dapibus augue, vel accumsan tellus nisi eu orci. Mauris lacinia sapien quis libero.','2020-07-05 00:00:00','2020-05-28 00:00:00'),(46,46,46,'Proin eu mi. Nulla ac enim. In tempor, turpis nec euismod scelerisque, quam turpis adipiscing lorem, vitae mattis nibh ligula nec sem.\n\nDuis aliquam convallis nunc. Proin at turpis a pede posuere nonummy. Integer non velit.\n\nDonec diam neque, vestibulum eget, vulputate ut, ultrices vel, augue. Vestibulum ante ipsum primis in faucibus orci luctus et ultrices posuere cubilia Curae; Donec pharetra, magna vestibulum aliquet ultrices, erat tortor sollicitudin mi, sit amet lobortis sapien sapien non mi. Integer ac neque.','2019-12-02 00:00:00','2019-09-01 00:00:00'),(47,47,47,'Donec diam neque, vestibulum eget, vulputate ut, ultrices vel, augue. Vestibulum ante ipsum primis in faucibus orci luctus et ultrices posuere cubilia Curae; Donec pharetra, magna vestibulum aliquet ultrices, erat tortor sollicitudin mi, sit amet lobortis sapien sapien non mi. Integer ac neque.','2020-03-24 00:00:00','2020-01-17 00:00:00'),(48,48,48,'Duis bibendum. Morbi non quam nec dui luctus rutrum. Nulla tellus.\n\nIn sagittis dui vel nisl. Duis ac nibh. Fusce lacus purus, aliquet at, feugiat non, pretium quis, lectus.\n\nSuspendisse potenti. In eleifend quam a odio. In hac habitasse platea dictumst.','2019-10-27 00:00:00','2020-01-22 00:00:00'),(49,49,49,'Duis bibendum, felis sed interdum venenatis, turpis enim blandit mi, in porttitor pede justo eu massa. Donec dapibus. Duis at velit eu est congue elementum.\n\nIn hac habitasse platea dictumst. Morbi vestibulum, velit id pretium iaculis, diam erat fermentum justo, nec condimentum neque sapien placerat ante. Nulla justo.\n\nAliquam quis turpis eget elit sodales scelerisque. Mauris sit amet eros. Suspendisse accumsan tortor quis turpis.','2020-02-29 00:00:00','2020-05-05 00:00:00'),(50,50,50,'Proin eu mi. Nulla ac enim. In tempor, turpis nec euismod scelerisque, quam turpis adipiscing lorem, vitae mattis nibh ligula nec sem.\n\nDuis aliquam convallis nunc. Proin at turpis a pede posuere nonummy. Integer non velit.','2019-10-10 00:00:00','2020-04-13 00:00:00'),(51,51,51,'Duis bibendum. Morbi non quam nec dui luctus rutrum. Nulla tellus.\n\nIn sagittis dui vel nisl. Duis ac nibh. Fusce lacus purus, aliquet at, feugiat non, pretium quis, lectus.\n\nSuspendisse potenti. In eleifend quam a odio. In hac habitasse platea dictumst.','2020-03-26 00:00:00','2019-11-14 00:00:00'),(52,52,52,'Integer tincidunt ante vel ipsum. Praesent blandit lacinia erat. Vestibulum sed magna at nunc commodo placerat.','2019-09-26 00:00:00','2020-04-16 00:00:00'),(53,53,53,'Sed sagittis. Nam congue, risus semper porta volutpat, quam pede lobortis ligula, sit amet eleifend pede libero quis orci. Nullam molestie nibh in lectus.\n\nPellentesque at nulla. Suspendisse potenti. Cras in purus eu magna vulputate luctus.','2020-05-20 00:00:00','2019-09-03 00:00:00'),(54,54,54,'Fusce consequat. Nulla nisl. Nunc nisl.\n\nDuis bibendum, felis sed interdum venenatis, turpis enim blandit mi, in porttitor pede justo eu massa. Donec dapibus. Duis at velit eu est congue elementum.','2020-06-29 00:00:00','2019-12-02 00:00:00'),(55,55,55,'Duis aliquam convallis nunc. Proin at turpis a pede posuere nonummy. Integer non velit.\n\nDonec diam neque, vestibulum eget, vulputate ut, ultrices vel, augue. Vestibulum ante ipsum primis in faucibus orci luctus et ultrices posuere cubilia Curae; Donec pharetra, magna vestibulum aliquet ultrices, erat tortor sollicitudin mi, sit amet lobortis sapien sapien non mi. Integer ac neque.','2020-02-15 00:00:00','2019-10-31 00:00:00'),(56,56,56,'Praesent blandit. Nam nulla. Integer pede justo, lacinia eget, tincidunt eget, tempus vel, pede.','2020-02-15 00:00:00','2019-09-08 00:00:00'),(57,57,57,'Pellentesque at nulla. Suspendisse potenti. Cras in purus eu magna vulputate luctus.\n\nCum sociis natoque penatibus et magnis dis parturient montes, nascetur ridiculus mus. Vivamus vestibulum sagittis sapien. Cum sociis natoque penatibus et magnis dis parturient montes, nascetur ridiculus mus.\n\nEtiam vel augue. Vestibulum rutrum rutrum neque. Aenean auctor gravida sem.','2020-04-12 00:00:00','2020-04-28 00:00:00'),(58,58,58,'Duis consequat dui nec nisi volutpat eleifend. Donec ut dolor. Morbi vel lectus in quam fringilla rhoncus.\n\nMauris enim leo, rhoncus sed, vestibulum sit amet, cursus id, turpis. Integer aliquet, massa id lobortis convallis, tortor risus dapibus augue, vel accumsan tellus nisi eu orci. Mauris lacinia sapien quis libero.','2020-04-27 00:00:00','2019-09-23 00:00:00'),(59,59,59,'Phasellus sit amet erat. Nulla tempus. Vivamus in felis eu sapien cursus vestibulum.\n\nProin eu mi. Nulla ac enim. In tempor, turpis nec euismod scelerisque, quam turpis adipiscing lorem, vitae mattis nibh ligula nec sem.','2020-01-24 00:00:00','2020-07-04 00:00:00'),(60,60,60,'Fusce posuere felis sed lacus. Morbi sem mauris, laoreet ut, rhoncus aliquet, pulvinar sed, nisl. Nunc rhoncus dui vel sem.\n\nSed sagittis. Nam congue, risus semper porta volutpat, quam pede lobortis ligula, sit amet eleifend pede libero quis orci. Nullam molestie nibh in lectus.\n\nPellentesque at nulla. Suspendisse potenti. Cras in purus eu magna vulputate luctus.','2019-08-14 00:00:00','2020-04-20 00:00:00'),(61,61,61,'Sed ante. Vivamus tortor. Duis mattis egestas metus.\n\nAenean fermentum. Donec ut mauris eget massa tempor convallis. Nulla neque libero, convallis eget, eleifend luctus, ultricies eu, nibh.','2019-11-05 00:00:00','2019-12-04 00:00:00'),(62,62,62,'Proin leo odio, porttitor id, consequat in, consequat ut, nulla. Sed accumsan felis. Ut at dolor quis odio consequat varius.\n\nInteger ac leo. Pellentesque ultrices mattis odio. Donec vitae nisi.','2020-05-12 00:00:00','2020-07-13 00:00:00'),(63,63,63,'Aliquam quis turpis eget elit sodales scelerisque. Mauris sit amet eros. Suspendisse accumsan tortor quis turpis.\n\nSed ante. Vivamus tortor. Duis mattis egestas metus.','2020-06-14 00:00:00','2020-05-23 00:00:00'),(64,64,64,'Duis consequat dui nec nisi volutpat eleifend. Donec ut dolor. Morbi vel lectus in quam fringilla rhoncus.\n\nMauris enim leo, rhoncus sed, vestibulum sit amet, cursus id, turpis. Integer aliquet, massa id lobortis convallis, tortor risus dapibus augue, vel accumsan tellus nisi eu orci. Mauris lacinia sapien quis libero.','2020-01-21 00:00:00','2020-05-21 00:00:00'),(65,65,65,'Aenean fermentum. Donec ut mauris eget massa tempor convallis. Nulla neque libero, convallis eget, eleifend luctus, ultricies eu, nibh.','2020-03-29 00:00:00','2019-09-04 00:00:00'),(66,66,66,'Duis bibendum, felis sed interdum venenatis, turpis enim blandit mi, in porttitor pede justo eu massa. Donec dapibus. Duis at velit eu est congue elementum.\n\nIn hac habitasse platea dictumst. Morbi vestibulum, velit id pretium iaculis, diam erat fermentum justo, nec condimentum neque sapien placerat ante. Nulla justo.','2019-11-01 00:00:00','2019-12-17 00:00:00'),(67,67,67,'Duis consequat dui nec nisi volutpat eleifend. Donec ut dolor. Morbi vel lectus in quam fringilla rhoncus.\n\nMauris enim leo, rhoncus sed, vestibulum sit amet, cursus id, turpis. Integer aliquet, massa id lobortis convallis, tortor risus dapibus augue, vel accumsan tellus nisi eu orci. Mauris lacinia sapien quis libero.\n\nNullam sit amet turpis elementum ligula vehicula consequat. Morbi a ipsum. Integer a nibh.','2019-12-12 00:00:00','2020-07-10 00:00:00'),(68,68,68,'Quisque porta volutpat erat. Quisque erat eros, viverra eget, congue eget, semper rutrum, nulla. Nunc purus.\n\nPhasellus in felis. Donec semper sapien a libero. Nam dui.','2019-08-01 00:00:00','2020-05-02 00:00:00'),(69,69,69,'Phasellus sit amet erat. Nulla tempus. Vivamus in felis eu sapien cursus vestibulum.','2019-09-29 00:00:00','2020-05-30 00:00:00'),(70,70,70,'In sagittis dui vel nisl. Duis ac nibh. Fusce lacus purus, aliquet at, feugiat non, pretium quis, lectus.\n\nSuspendisse potenti. In eleifend quam a odio. In hac habitasse platea dictumst.','2020-05-24 00:00:00','2020-07-24 00:00:00'),(71,71,71,'Cras non velit nec nisi vulputate nonummy. Maecenas tincidunt lacus at velit. Vivamus vel nulla eget eros elementum pellentesque.','2020-03-22 00:00:00','2020-01-19 00:00:00'),(72,72,72,'Cras non velit nec nisi vulputate nonummy. Maecenas tincidunt lacus at velit. Vivamus vel nulla eget eros elementum pellentesque.','2020-06-01 00:00:00','2019-12-23 00:00:00'),(73,73,73,'Phasellus sit amet erat. Nulla tempus. Vivamus in felis eu sapien cursus vestibulum.\n\nProin eu mi. Nulla ac enim. In tempor, turpis nec euismod scelerisque, quam turpis adipiscing lorem, vitae mattis nibh ligula nec sem.','2020-04-10 00:00:00','2019-07-28 00:00:00'),(74,74,74,'Suspendisse potenti. In eleifend quam a odio. In hac habitasse platea dictumst.\n\nMaecenas ut massa quis augue luctus tincidunt. Nulla mollis molestie lorem. Quisque ut erat.','2019-09-18 00:00:00','2020-02-14 00:00:00'),(75,75,75,'Nullam porttitor lacus at turpis. Donec posuere metus vitae ipsum. Aliquam non mauris.\n\nMorbi non lectus. Aliquam sit amet diam in magna bibendum imperdiet. Nullam orci pede, venenatis non, sodales sed, tincidunt eu, felis.\n\nFusce posuere felis sed lacus. Morbi sem mauris, laoreet ut, rhoncus aliquet, pulvinar sed, nisl. Nunc rhoncus dui vel sem.','2019-11-07 00:00:00','2020-02-04 00:00:00'),(76,76,76,'Suspendisse potenti. In eleifend quam a odio. In hac habitasse platea dictumst.','2020-05-23 00:00:00','2020-02-27 00:00:00'),(77,77,77,'Cras mi pede, malesuada in, imperdiet et, commodo vulputate, justo. In blandit ultrices enim. Lorem ipsum dolor sit amet, consectetuer adipiscing elit.\n\nProin interdum mauris non ligula pellentesque ultrices. Phasellus id sapien in sapien iaculis congue. Vivamus metus arcu, adipiscing molestie, hendrerit at, vulputate vitae, nisl.','2019-12-12 00:00:00','2019-09-29 00:00:00'),(78,78,78,'Aliquam quis turpis eget elit sodales scelerisque. Mauris sit amet eros. Suspendisse accumsan tortor quis turpis.\n\nSed ante. Vivamus tortor. Duis mattis egestas metus.','2020-04-01 00:00:00','2019-08-02 00:00:00'),(79,79,79,'Proin leo odio, porttitor id, consequat in, consequat ut, nulla. Sed accumsan felis. Ut at dolor quis odio consequat varius.\n\nInteger ac leo. Pellentesque ultrices mattis odio. Donec vitae nisi.\n\nNam ultrices, libero non mattis pulvinar, nulla pede ullamcorper augue, a suscipit nulla elit ac nulla. Sed vel enim sit amet nunc viverra dapibus. Nulla suscipit ligula in lacus.','2019-09-05 00:00:00','2019-10-25 00:00:00'),(80,80,80,'Integer tincidunt ante vel ipsum. Praesent blandit lacinia erat. Vestibulum sed magna at nunc commodo placerat.\n\nPraesent blandit. Nam nulla. Integer pede justo, lacinia eget, tincidunt eget, tempus vel, pede.','2019-09-03 00:00:00','2020-07-23 00:00:00'),(81,81,81,'Phasellus in felis. Donec semper sapien a libero. Nam dui.','2019-09-03 00:00:00','2019-07-28 00:00:00'),(82,82,82,'Praesent id massa id nisl venenatis lacinia. Aenean sit amet justo. Morbi ut odio.\n\nCras mi pede, malesuada in, imperdiet et, commodo vulputate, justo. In blandit ultrices enim. Lorem ipsum dolor sit amet, consectetuer adipiscing elit.\n\nProin interdum mauris non ligula pellentesque ultrices. Phasellus id sapien in sapien iaculis congue. Vivamus metus arcu, adipiscing molestie, hendrerit at, vulputate vitae, nisl.','2019-08-20 00:00:00','2020-03-03 00:00:00'),(83,83,83,'Mauris enim leo, rhoncus sed, vestibulum sit amet, cursus id, turpis. Integer aliquet, massa id lobortis convallis, tortor risus dapibus augue, vel accumsan tellus nisi eu orci. Mauris lacinia sapien quis libero.\n\nNullam sit amet turpis elementum ligula vehicula consequat. Morbi a ipsum. Integer a nibh.\n\nIn quis justo. Maecenas rhoncus aliquam lacus. Morbi quis tortor id nulla ultrices aliquet.','2020-04-11 00:00:00','2020-03-09 00:00:00'),(84,84,84,'Praesent id massa id nisl venenatis lacinia. Aenean sit amet justo. Morbi ut odio.\n\nCras mi pede, malesuada in, imperdiet et, commodo vulputate, justo. In blandit ultrices enim. Lorem ipsum dolor sit amet, consectetuer adipiscing elit.','2020-03-25 00:00:00','2019-09-14 00:00:00'),(85,85,85,'Nullam porttitor lacus at turpis. Donec posuere metus vitae ipsum. Aliquam non mauris.','2020-02-27 00:00:00','2020-05-25 00:00:00'),(86,86,86,'Morbi non lectus. Aliquam sit amet diam in magna bibendum imperdiet. Nullam orci pede, venenatis non, sodales sed, tincidunt eu, felis.\n\nFusce posuere felis sed lacus. Morbi sem mauris, laoreet ut, rhoncus aliquet, pulvinar sed, nisl. Nunc rhoncus dui vel sem.\n\nSed sagittis. Nam congue, risus semper porta volutpat, quam pede lobortis ligula, sit amet eleifend pede libero quis orci. Nullam molestie nibh in lectus.','2020-06-01 00:00:00','2019-07-28 00:00:00'),(87,87,87,'Curabitur in libero ut massa volutpat convallis. Morbi odio odio, elementum eu, interdum eu, tincidunt in, leo. Maecenas pulvinar lobortis est.','2019-12-02 00:00:00','2020-05-15 00:00:00'),(88,88,88,'Phasellus in felis. Donec semper sapien a libero. Nam dui.','2020-01-10 00:00:00','2019-10-28 00:00:00'),(89,89,89,'Maecenas tristique, est et tempus semper, est quam pharetra magna, ac consequat metus sapien ut nunc. Vestibulum ante ipsum primis in faucibus orci luctus et ultrices posuere cubilia Curae; Mauris viverra diam vitae quam. Suspendisse potenti.\n\nNullam porttitor lacus at turpis. Donec posuere metus vitae ipsum. Aliquam non mauris.\n\nMorbi non lectus. Aliquam sit amet diam in magna bibendum imperdiet. Nullam orci pede, venenatis non, sodales sed, tincidunt eu, felis.','2019-11-26 00:00:00','2019-11-14 00:00:00'),(90,90,90,'Cras mi pede, malesuada in, imperdiet et, commodo vulputate, justo. In blandit ultrices enim. Lorem ipsum dolor sit amet, consectetuer adipiscing elit.\n\nProin interdum mauris non ligula pellentesque ultrices. Phasellus id sapien in sapien iaculis congue. Vivamus metus arcu, adipiscing molestie, hendrerit at, vulputate vitae, nisl.','2019-12-22 00:00:00','2020-05-27 00:00:00'),(91,91,91,'Nulla ut erat id mauris vulputate elementum. Nullam varius. Nulla facilisi.','2019-11-12 00:00:00','2020-04-26 00:00:00'),(92,92,92,'Curabitur in libero ut massa volutpat convallis. Morbi odio odio, elementum eu, interdum eu, tincidunt in, leo. Maecenas pulvinar lobortis est.\n\nPhasellus sit amet erat. Nulla tempus. Vivamus in felis eu sapien cursus vestibulum.\n\nProin eu mi. Nulla ac enim. In tempor, turpis nec euismod scelerisque, quam turpis adipiscing lorem, vitae mattis nibh ligula nec sem.','2019-07-29 00:00:00','2020-04-17 00:00:00'),(93,93,93,'Morbi porttitor lorem id ligula. Suspendisse ornare consequat lectus. In est risus, auctor sed, tristique in, tempus sit amet, sem.\n\nFusce consequat. Nulla nisl. Nunc nisl.\n\nDuis bibendum, felis sed interdum venenatis, turpis enim blandit mi, in porttitor pede justo eu massa. Donec dapibus. Duis at velit eu est congue elementum.','2020-01-21 00:00:00','2020-05-30 00:00:00'),(94,94,94,'Etiam vel augue. Vestibulum rutrum rutrum neque. Aenean auctor gravida sem.\n\nPraesent id massa id nisl venenatis lacinia. Aenean sit amet justo. Morbi ut odio.','2019-10-19 00:00:00','2020-03-08 00:00:00'),(95,95,95,'Morbi non lectus. Aliquam sit amet diam in magna bibendum imperdiet. Nullam orci pede, venenatis non, sodales sed, tincidunt eu, felis.\n\nFusce posuere felis sed lacus. Morbi sem mauris, laoreet ut, rhoncus aliquet, pulvinar sed, nisl. Nunc rhoncus dui vel sem.','2019-08-27 00:00:00','2019-08-13 00:00:00'),(96,96,96,'Praesent id massa id nisl venenatis lacinia. Aenean sit amet justo. Morbi ut odio.\n\nCras mi pede, malesuada in, imperdiet et, commodo vulputate, justo. In blandit ultrices enim. Lorem ipsum dolor sit amet, consectetuer adipiscing elit.','2019-11-06 00:00:00','2019-09-10 00:00:00'),(97,97,97,'In hac habitasse platea dictumst. Morbi vestibulum, velit id pretium iaculis, diam erat fermentum justo, nec condimentum neque sapien placerat ante. Nulla justo.','2019-12-11 00:00:00','2020-07-12 00:00:00'),(98,98,98,'Nam ultrices, libero non mattis pulvinar, nulla pede ullamcorper augue, a suscipit nulla elit ac nulla. Sed vel enim sit amet nunc viverra dapibus. Nulla suscipit ligula in lacus.','2020-06-04 00:00:00','2019-08-25 00:00:00'),(99,99,99,'Praesent blandit. Nam nulla. Integer pede justo, lacinia eget, tincidunt eget, tempus vel, pede.\n\nMorbi porttitor lorem id ligula. Suspendisse ornare consequat lectus. In est risus, auctor sed, tristique in, tempus sit amet, sem.','2019-08-01 00:00:00','2020-04-14 00:00:00'),(100,100,100,'Fusce posuere felis sed lacus. Morbi sem mauris, laoreet ut, rhoncus aliquet, pulvinar sed, nisl. Nunc rhoncus dui vel sem.','2020-05-03 00:00:00','2020-06-26 00:00:00');
/*!40000 ALTER TABLE `comments` ENABLE KEYS */;
UNLOCK TABLES;

--
-- Table structure for table `communities`
--

DROP TABLE IF EXISTS `communities`;
/*!40101 SET @saved_cs_client     = @@character_set_client */;
/*!50503 SET character_set_client = utf8mb4 */;
CREATE TABLE `communities` (
  `id` bigint unsigned NOT NULL AUTO_INCREMENT,
  `name` varchar(255) DEFAULT NULL,
  PRIMARY KEY (`id`),
  UNIQUE KEY `id` (`id`),
  KEY `name` (`name`)
) ENGINE=InnoDB AUTO_INCREMENT=101 DEFAULT CHARSET=utf8mb4 COLLATE=utf8mb4_0900_ai_ci;
/*!40101 SET character_set_client = @saved_cs_client */;

--
-- Dumping data for table `communities`
--

LOCK TABLES `communities` WRITE;
/*!40000 ALTER TABLE `communities` DISABLE KEYS */;
INSERT INTO `communities` VALUES (9,'Automotive'),(36,'Automotive'),(55,'Automotive'),(75,'Automotive'),(76,'Automotive'),(44,'Baby'),(52,'Baby'),(54,'Baby'),(89,'Baby'),(23,'Beauty'),(27,'Beauty'),(45,'Beauty'),(59,'Beauty'),(67,'Beauty'),(81,'Beauty'),(2,'Books'),(47,'Books'),(74,'Books'),(24,'Clothing'),(63,'Clothing'),(79,'Clothing'),(82,'Clothing'),(30,'Computers'),(16,'Electronics'),(18,'Electronics'),(29,'Electronics'),(38,'Electronics'),(56,'Electronics'),(96,'Electronics'),(72,'Games'),(6,'Garden'),(13,'Garden'),(15,'Garden'),(41,'Garden'),(46,'Garden'),(51,'Garden'),(77,'Garden'),(94,'Garden'),(3,'Grocery'),(8,'Grocery'),(17,'Grocery'),(66,'Grocery'),(11,'Health'),(64,'Health'),(91,'Health'),(100,'Health'),(12,'Home'),(70,'Home'),(71,'Home'),(84,'Home'),(99,'Home'),(10,'Industrial'),(21,'Industrial'),(42,'Industrial'),(87,'Industrial'),(88,'Industrial'),(7,'Jewelery'),(43,'Jewelery'),(25,'Kids'),(50,'Kids'),(65,'Kids'),(90,'Kids'),(95,'Kids'),(1,'Movies'),(19,'Movies'),(57,'Movies'),(78,'Movies'),(97,'Movies'),(31,'Music'),(35,'Music'),(39,'Music'),(40,'Music'),(53,'Music'),(60,'Music'),(61,'Music'),(73,'Music'),(80,'Music'),(33,'Outdoors'),(37,'Outdoors'),(48,'Outdoors'),(49,'Outdoors'),(58,'Outdoors'),(4,'Shoes'),(62,'Shoes'),(93,'Shoes'),(28,'Sports'),(34,'Sports'),(68,'Sports'),(69,'Sports'),(98,'Sports'),(5,'Tools'),(20,'Tools'),(26,'Tools'),(32,'Tools'),(85,'Tools'),(92,'Tools'),(14,'Toys'),(22,'Toys'),(83,'Toys'),(86,'Toys');
/*!40000 ALTER TABLE `communities` ENABLE KEYS */;
UNLOCK TABLES;

--
-- Table structure for table `friend_requests`
--

DROP TABLE IF EXISTS `friend_requests`;
/*!40101 SET @saved_cs_client     = @@character_set_client */;
/*!50503 SET character_set_client = utf8mb4 */;
CREATE TABLE `friend_requests` (
  `initiator_user_id` bigint unsigned NOT NULL,
  `target_user_id` bigint unsigned NOT NULL,
  `status` enum('requested','approved','unfriended','declined') DEFAULT 'requested',
  `requested_at` datetime DEFAULT CURRENT_TIMESTAMP,
  `confirmed_at` datetime DEFAULT NULL,
  PRIMARY KEY (`initiator_user_id`,`target_user_id`),
  KEY `initiator_user_id` (`initiator_user_id`),
  KEY `target_user_id` (`target_user_id`),
  CONSTRAINT `friend_requests_ibfk_1` FOREIGN KEY (`initiator_user_id`) REFERENCES `users` (`id`),
  CONSTRAINT `friend_requests_ibfk_2` FOREIGN KEY (`target_user_id`) REFERENCES `users` (`id`)
) ENGINE=InnoDB DEFAULT CHARSET=utf8mb4 COLLATE=utf8mb4_0900_ai_ci;
/*!40101 SET character_set_client = @saved_cs_client */;

--
-- Dumping data for table `friend_requests`
--

LOCK TABLES `friend_requests` WRITE;
/*!40000 ALTER TABLE `friend_requests` DISABLE KEYS */;
INSERT INTO `friend_requests` VALUES (1,1,'approved','2019-08-25 00:00:00','2020-03-05 00:00:00'),(2,2,'declined','2020-01-09 00:00:00','2020-07-04 00:00:00'),(3,3,'approved','2019-10-06 00:00:00','2019-08-12 00:00:00'),(4,4,'declined','2019-09-27 00:00:00','2019-10-20 00:00:00'),(5,5,'unfriended','2020-03-11 00:00:00','2019-10-27 00:00:00'),(6,6,'unfriended','2019-08-15 00:00:00','2020-03-16 00:00:00'),(7,7,'requested','2020-04-04 00:00:00','2019-10-11 00:00:00'),(8,8,'unfriended','2020-07-11 00:00:00','2020-07-19 00:00:00'),(9,9,'declined','2019-10-21 00:00:00','2020-02-18 00:00:00'),(10,10,'approved','2020-04-05 00:00:00','2020-01-13 00:00:00'),(11,11,'requested','2020-02-19 00:00:00','2020-04-07 00:00:00'),(12,12,'unfriended','2020-02-28 00:00:00','2020-06-24 00:00:00'),(13,13,'approved','2019-11-07 00:00:00','2020-02-13 00:00:00'),(14,14,'unfriended','2020-02-09 00:00:00','2019-07-26 00:00:00'),(15,15,'approved','2020-01-26 00:00:00','2019-10-26 00:00:00'),(16,16,'declined','2020-01-01 00:00:00','2020-05-20 00:00:00'),(17,17,'declined','2020-04-25 00:00:00','2019-09-25 00:00:00'),(18,18,'unfriended','2020-02-25 00:00:00','2019-10-01 00:00:00'),(19,19,'approved','2019-08-11 00:00:00','2019-12-26 00:00:00'),(20,20,'requested','2019-11-11 00:00:00','2020-02-18 00:00:00'),(21,21,'unfriended','2020-04-03 00:00:00','2019-11-15 00:00:00'),(22,22,'requested','2019-12-10 00:00:00','2019-09-19 00:00:00'),(23,23,'declined','2020-06-21 00:00:00','2020-07-03 00:00:00'),(24,24,'unfriended','2019-11-03 00:00:00','2019-10-09 00:00:00'),(25,25,'unfriended','2020-04-09 00:00:00','2020-01-09 00:00:00'),(26,26,'approved','2020-03-08 00:00:00','2019-11-14 00:00:00'),(27,27,'unfriended','2019-09-22 00:00:00','2019-08-27 00:00:00'),(28,28,'unfriended','2019-12-10 00:00:00','2019-08-21 00:00:00'),(29,29,'declined','2020-03-19 00:00:00','2020-04-23 00:00:00'),(30,30,'approved','2019-10-01 00:00:00','2020-07-08 00:00:00'),(31,31,'declined','2020-05-24 00:00:00','2019-07-30 00:00:00'),(32,32,'requested','2019-10-25 00:00:00','2019-09-21 00:00:00'),(33,33,'approved','2019-09-10 00:00:00','2020-04-27 00:00:00'),(34,34,'declined','2020-07-11 00:00:00','2019-09-13 00:00:00'),(35,35,'unfriended','2020-01-07 00:00:00','2019-10-03 00:00:00'),(36,36,'declined','2020-02-03 00:00:00','2019-12-08 00:00:00'),(37,37,'requested','2020-02-17 00:00:00','2019-08-05 00:00:00'),(38,38,'requested','2020-06-27 00:00:00','2019-12-25 00:00:00'),(39,39,'requested','2019-11-01 00:00:00','2020-02-08 00:00:00'),(40,40,'approved','2020-07-19 00:00:00','2019-09-08 00:00:00'),(41,41,'declined','2019-10-03 00:00:00','2019-08-24 00:00:00'),(42,42,'approved','2020-05-16 00:00:00','2019-08-07 00:00:00'),(43,43,'requested','2020-04-23 00:00:00','2019-08-09 00:00:00'),(44,44,'unfriended','2020-01-22 00:00:00','2019-10-27 00:00:00'),(45,45,'approved','2019-08-08 00:00:00','2020-03-31 00:00:00'),(46,46,'declined','2020-06-04 00:00:00','2020-02-03 00:00:00'),(47,47,'unfriended','2020-05-03 00:00:00','2019-11-03 00:00:00'),(48,48,'approved','2019-07-30 00:00:00','2020-04-06 00:00:00'),(49,49,'declined','2019-09-17 00:00:00','2020-02-06 00:00:00'),(50,50,'unfriended','2020-03-03 00:00:00','2019-08-15 00:00:00'),(51,51,'approved','2020-05-17 00:00:00','2019-11-05 00:00:00'),(52,52,'unfriended','2020-03-15 00:00:00','2020-02-19 00:00:00'),(53,53,'declined','2019-09-20 00:00:00','2019-11-04 00:00:00'),(54,54,'unfriended','2019-12-28 00:00:00','2020-06-30 00:00:00'),(55,55,'approved','2020-07-06 00:00:00','2020-05-23 00:00:00'),(56,56,'declined','2020-03-12 00:00:00','2019-10-23 00:00:00'),(57,57,'approved','2020-01-25 00:00:00','2020-03-10 00:00:00'),(58,58,'approved','2020-06-24 00:00:00','2020-05-17 00:00:00'),(59,59,'declined','2020-01-24 00:00:00','2019-10-14 00:00:00'),(60,60,'declined','2019-08-31 00:00:00','2019-07-23 00:00:00'),(61,61,'declined','2020-06-18 00:00:00','2019-12-07 00:00:00'),(62,62,'unfriended','2019-12-12 00:00:00','2020-03-05 00:00:00'),(63,63,'declined','2019-08-10 00:00:00','2020-02-27 00:00:00'),(64,64,'approved','2020-03-21 00:00:00','2020-02-08 00:00:00'),(65,65,'approved','2020-03-28 00:00:00','2020-06-30 00:00:00'),(66,66,'unfriended','2020-06-21 00:00:00','2020-04-14 00:00:00'),(67,67,'requested','2020-04-24 00:00:00','2020-06-27 00:00:00'),(68,68,'approved','2019-10-15 00:00:00','2019-12-14 00:00:00'),(69,69,'declined','2020-04-07 00:00:00','2020-02-22 00:00:00'),(70,70,'requested','2019-10-27 00:00:00','2020-03-13 00:00:00'),(71,71,'unfriended','2019-07-29 00:00:00','2020-05-13 00:00:00'),(72,72,'unfriended','2020-04-07 00:00:00','2020-05-01 00:00:00'),(73,73,'unfriended','2020-01-23 00:00:00','2020-06-28 00:00:00'),(74,74,'approved','2019-11-05 00:00:00','2020-04-05 00:00:00'),(75,75,'approved','2020-02-05 00:00:00','2020-05-05 00:00:00'),(76,76,'requested','2020-05-14 00:00:00','2019-07-27 00:00:00'),(77,77,'declined','2019-11-08 00:00:00','2020-03-24 00:00:00'),(78,78,'requested','2019-12-15 00:00:00','2020-07-20 00:00:00'),(79,79,'unfriended','2020-01-19 00:00:00','2020-04-14 00:00:00'),(80,80,'requested','2019-08-08 00:00:00','2020-06-18 00:00:00'),(81,81,'requested','2019-12-07 00:00:00','2020-01-31 00:00:00'),(82,82,'unfriended','2020-02-22 00:00:00','2020-02-21 00:00:00'),(83,83,'unfriended','2020-05-03 00:00:00','2019-12-25 00:00:00'),(84,84,'declined','2020-05-05 00:00:00','2019-12-06 00:00:00'),(85,85,'requested','2019-08-09 00:00:00','2020-03-31 00:00:00'),(86,86,'declined','2020-03-10 00:00:00','2019-09-08 00:00:00'),(87,87,'requested','2020-02-24 00:00:00','2020-07-01 00:00:00'),(88,88,'approved','2020-04-17 00:00:00','2020-05-23 00:00:00'),(89,89,'declined','2019-10-23 00:00:00','2019-12-29 00:00:00'),(90,90,'unfriended','2019-08-21 00:00:00','2019-10-16 00:00:00'),(91,91,'requested','2020-01-05 00:00:00','2019-12-28 00:00:00'),(92,92,'declined','2020-03-09 00:00:00','2019-08-14 00:00:00'),(93,93,'approved','2020-03-20 00:00:00','2019-10-31 00:00:00'),(94,94,'unfriended','2019-11-17 00:00:00','2020-03-29 00:00:00'),(95,95,'unfriended','2020-05-14 00:00:00','2020-04-20 00:00:00'),(96,96,'requested','2019-11-07 00:00:00','2019-10-05 00:00:00'),(97,97,'declined','2019-12-04 00:00:00','2019-09-19 00:00:00'),(98,98,'declined','2019-12-16 00:00:00','2020-03-10 00:00:00'),(99,99,'unfriended','2020-03-08 00:00:00','2019-11-18 00:00:00'),(100,100,'requested','2020-04-29 00:00:00','2019-10-28 00:00:00');
/*!40000 ALTER TABLE `friend_requests` ENABLE KEYS */;
UNLOCK TABLES;

--
-- Table structure for table `like_photo`
--

DROP TABLE IF EXISTS `like_photo`;
/*!40101 SET @saved_cs_client     = @@character_set_client */;
/*!50503 SET character_set_client = utf8mb4 */;
CREATE TABLE `like_photo` (
  `id` bigint unsigned NOT NULL AUTO_INCREMENT,
  `user_id` bigint unsigned NOT NULL,
  `photo_id` bigint unsigned NOT NULL,
  `created_at` datetime DEFAULT CURRENT_TIMESTAMP,
  `add_own` tinyint(1) DEFAULT NULL,
  PRIMARY KEY (`id`),
  UNIQUE KEY `id` (`id`),
  KEY `user_id` (`user_id`),
  KEY `photo_id` (`photo_id`),
  CONSTRAINT `like_photo_ibfk_1` FOREIGN KEY (`user_id`) REFERENCES `users` (`id`),
  CONSTRAINT `like_photo_ibfk_2` FOREIGN KEY (`photo_id`) REFERENCES `photo` (`id`)
) ENGINE=InnoDB AUTO_INCREMENT=101 DEFAULT CHARSET=utf8mb4 COLLATE=utf8mb4_0900_ai_ci;
/*!40101 SET character_set_client = @saved_cs_client */;

--
-- Dumping data for table `like_photo`
--

LOCK TABLES `like_photo` WRITE;
/*!40000 ALTER TABLE `like_photo` DISABLE KEYS */;
INSERT INTO `like_photo` VALUES (1,1,1,'2019-08-02 00:00:00',1),(2,2,2,'2019-08-12 00:00:00',0),(3,3,3,'2020-02-23 00:00:00',0),(4,4,4,'2019-11-21 00:00:00',0),(5,5,5,'2020-02-29 00:00:00',0),(6,6,6,'2019-11-05 00:00:00',1),(7,7,7,'2020-06-10 00:00:00',0),(8,8,8,'2019-12-15 00:00:00',0),(9,9,9,'2019-12-31 00:00:00',1),(10,10,10,'2019-11-20 00:00:00',1),(11,11,11,'2020-06-16 00:00:00',0),(12,12,12,'2020-03-08 00:00:00',0),(13,13,13,'2020-06-05 00:00:00',0),(14,14,14,'2020-05-30 00:00:00',1),(15,15,15,'2020-03-22 00:00:00',0),(16,16,16,'2020-05-12 00:00:00',1),(17,17,17,'2019-12-10 00:00:00',1),(18,18,18,'2020-06-30 00:00:00',1),(19,19,19,'2019-09-09 00:00:00',1),(20,20,20,'2020-04-22 00:00:00',1),(21,21,21,'2020-06-15 00:00:00',1),(22,22,22,'2020-03-12 00:00:00',1),(23,23,23,'2020-06-17 00:00:00',0),(24,24,24,'2020-05-11 00:00:00',0),(25,25,25,'2020-07-01 00:00:00',1),(26,26,26,'2019-09-13 00:00:00',1),(27,27,27,'2019-09-26 00:00:00',0),(28,28,28,'2019-12-18 00:00:00',0),(29,29,29,'2019-11-23 00:00:00',0),(30,30,30,'2019-07-31 00:00:00',1),(31,31,31,'2019-08-23 00:00:00',1),(32,32,32,'2020-03-13 00:00:00',0),(33,33,33,'2020-01-26 00:00:00',1),(34,34,34,'2020-03-12 00:00:00',1),(35,35,35,'2019-11-16 00:00:00',1),(36,36,36,'2020-06-24 00:00:00',1),(37,37,37,'2020-01-01 00:00:00',1),(38,38,38,'2019-12-10 00:00:00',1),(39,39,39,'2020-05-13 00:00:00',1),(40,40,40,'2020-03-02 00:00:00',1),(41,41,41,'2020-07-24 00:00:00',1),(42,42,42,'2019-09-27 00:00:00',0),(43,43,43,'2019-10-16 00:00:00',0),(44,44,44,'2019-11-02 00:00:00',1),(45,45,45,'2019-12-08 00:00:00',0),(46,46,46,'2020-01-19 00:00:00',1),(47,47,47,'2020-03-02 00:00:00',0),(48,48,48,'2020-06-22 00:00:00',0),(49,49,49,'2020-03-16 00:00:00',1),(50,50,50,'2020-05-04 00:00:00',1),(51,51,51,'2019-12-06 00:00:00',0),(52,52,52,'2020-07-03 00:00:00',1),(53,53,53,'2020-05-08 00:00:00',1),(54,54,54,'2020-01-03 00:00:00',0),(55,55,55,'2020-07-18 00:00:00',1),(56,56,56,'2020-01-16 00:00:00',1),(57,57,57,'2020-02-02 00:00:00',0),(58,58,58,'2019-09-06 00:00:00',1),(59,59,59,'2019-07-28 00:00:00',1),(60,60,60,'2019-09-20 00:00:00',1),(61,61,61,'2020-07-24 00:00:00',1),(62,62,62,'2019-10-03 00:00:00',0),(63,63,63,'2020-05-24 00:00:00',1),(64,64,64,'2020-02-28 00:00:00',1),(65,65,65,'2019-12-09 00:00:00',1),(66,66,66,'2020-02-18 00:00:00',1),(67,67,67,'2019-08-04 00:00:00',1),(68,68,68,'2019-08-13 00:00:00',1),(69,69,69,'2019-12-05 00:00:00',0),(70,70,70,'2020-02-23 00:00:00',0),(71,71,71,'2020-03-06 00:00:00',0),(72,72,72,'2020-05-05 00:00:00',0),(73,73,73,'2019-07-28 00:00:00',0),(74,74,74,'2019-10-01 00:00:00',1),(75,75,75,'2020-05-07 00:00:00',1),(76,76,76,'2020-06-24 00:00:00',1),(77,77,77,'2020-06-20 00:00:00',1),(78,78,78,'2020-05-14 00:00:00',0),(79,79,79,'2019-07-26 00:00:00',0),(80,80,80,'2020-03-27 00:00:00',0),(81,81,81,'2019-08-07 00:00:00',1),(82,82,82,'2019-12-02 00:00:00',0),(83,83,83,'2020-02-27 00:00:00',1),(84,84,84,'2019-08-23 00:00:00',1),(85,85,85,'2019-08-02 00:00:00',0),(86,86,86,'2020-04-04 00:00:00',0),(87,87,87,'2020-02-16 00:00:00',1),(88,88,88,'2020-05-28 00:00:00',1),(89,89,89,'2019-09-24 00:00:00',0),(90,90,90,'2020-04-03 00:00:00',0),(91,91,91,'2019-10-31 00:00:00',0),(92,92,92,'2019-11-28 00:00:00',0),(93,93,93,'2020-05-11 00:00:00',0),(94,94,94,'2019-11-20 00:00:00',0),(95,95,95,'2020-04-28 00:00:00',1),(96,96,96,'2020-06-25 00:00:00',1),(97,97,97,'2019-10-07 00:00:00',1),(98,98,98,'2020-04-19 00:00:00',1),(99,99,99,'2019-11-13 00:00:00',1),(100,100,100,'2019-09-28 00:00:00',1);
/*!40000 ALTER TABLE `like_photo` ENABLE KEYS */;
UNLOCK TABLES;

--
-- Table structure for table `like_posts`
--

DROP TABLE IF EXISTS `like_posts`;
/*!40101 SET @saved_cs_client     = @@character_set_client */;
/*!50503 SET character_set_client = utf8mb4 */;
CREATE TABLE `like_posts` (
  `id` bigint unsigned NOT NULL AUTO_INCREMENT,
  `user_id` bigint unsigned NOT NULL,
  `post_id` bigint unsigned NOT NULL,
  `created_at` datetime DEFAULT CURRENT_TIMESTAMP,
  `add_own` tinyint(1) DEFAULT NULL,
  PRIMARY KEY (`id`),
  UNIQUE KEY `id` (`id`),
  KEY `user_id` (`user_id`),
  KEY `post_id` (`post_id`),
  CONSTRAINT `like_posts_ibfk_1` FOREIGN KEY (`user_id`) REFERENCES `users` (`id`),
  CONSTRAINT `like_posts_ibfk_2` FOREIGN KEY (`post_id`) REFERENCES `posts` (`id`)
) ENGINE=InnoDB AUTO_INCREMENT=101 DEFAULT CHARSET=utf8mb4 COLLATE=utf8mb4_0900_ai_ci;
/*!40101 SET character_set_client = @saved_cs_client */;

--
-- Dumping data for table `like_posts`
--

LOCK TABLES `like_posts` WRITE;
/*!40000 ALTER TABLE `like_posts` DISABLE KEYS */;
INSERT INTO `like_posts` VALUES (1,1,1,'2020-05-19 00:00:00',0),(2,2,2,'2020-06-12 00:00:00',1),(3,3,3,'2020-01-23 00:00:00',1),(4,4,4,'2019-10-01 00:00:00',0),(5,5,5,'2020-03-02 00:00:00',1),(6,6,6,'2020-02-19 00:00:00',1),(7,7,7,'2020-01-06 00:00:00',0),(8,8,8,'2019-09-21 00:00:00',0),(9,9,9,'2019-08-29 00:00:00',1),(10,10,10,'2020-03-01 00:00:00',1),(11,11,11,'2019-08-25 00:00:00',1),(12,12,12,'2020-01-15 00:00:00',0),(13,13,13,'2019-09-22 00:00:00',0),(14,14,14,'2020-01-27 00:00:00',1),(15,15,15,'2019-09-19 00:00:00',1),(16,16,16,'2020-02-19 00:00:00',0),(17,17,17,'2020-02-01 00:00:00',0),(18,18,18,'2020-01-22 00:00:00',1),(19,19,19,'2019-11-22 00:00:00',0),(20,20,20,'2019-11-15 00:00:00',1),(21,21,21,'2019-08-16 00:00:00',1),(22,22,22,'2020-01-30 00:00:00',1),(23,23,23,'2019-08-07 00:00:00',0),(24,24,24,'2020-07-24 00:00:00',1),(25,25,25,'2020-07-09 00:00:00',0),(26,26,26,'2019-10-25 00:00:00',0),(27,27,27,'2019-12-19 00:00:00',0),(28,28,28,'2020-04-27 00:00:00',0),(29,29,29,'2019-10-06 00:00:00',0),(30,30,30,'2020-06-23 00:00:00',1),(31,31,31,'2019-08-31 00:00:00',1),(32,32,32,'2020-01-31 00:00:00',1),(33,33,33,'2019-10-13 00:00:00',0),(34,34,34,'2019-12-14 00:00:00',0),(35,35,35,'2020-05-04 00:00:00',1),(36,36,36,'2019-12-14 00:00:00',0),(37,37,37,'2019-12-29 00:00:00',1),(38,38,38,'2019-11-04 00:00:00',0),(39,39,39,'2020-06-12 00:00:00',0),(40,40,40,'2019-10-26 00:00:00',0),(41,41,41,'2020-04-17 00:00:00',0),(42,42,42,'2019-10-20 00:00:00',1),(43,43,43,'2020-03-20 00:00:00',0),(44,44,44,'2020-04-29 00:00:00',0),(45,45,45,'2019-11-27 00:00:00',0),(46,46,46,'2020-01-08 00:00:00',1),(47,47,47,'2019-12-28 00:00:00',1),(48,48,48,'2019-10-02 00:00:00',0),(49,49,49,'2020-06-11 00:00:00',0),(50,50,50,'2019-11-14 00:00:00',0),(51,51,51,'2020-03-02 00:00:00',1),(52,52,52,'2019-10-08 00:00:00',0),(53,53,53,'2019-08-30 00:00:00',1),(54,54,54,'2019-07-30 00:00:00',0),(55,55,55,'2019-08-27 00:00:00',0),(56,56,56,'2020-03-28 00:00:00',0),(57,57,57,'2019-09-03 00:00:00',0),(58,58,58,'2020-04-26 00:00:00',1),(59,59,59,'2019-10-03 00:00:00',0),(60,60,60,'2020-03-28 00:00:00',1),(61,61,61,'2020-04-20 00:00:00',1),(62,62,62,'2019-11-29 00:00:00',1),(63,63,63,'2020-05-02 00:00:00',0),(64,64,64,'2019-12-30 00:00:00',0),(65,65,65,'2020-06-10 00:00:00',1),(66,66,66,'2020-06-19 00:00:00',1),(67,67,67,'2019-08-08 00:00:00',0),(68,68,68,'2019-09-14 00:00:00',1),(69,69,69,'2020-03-22 00:00:00',0),(70,70,70,'2019-11-07 00:00:00',0),(71,71,71,'2020-07-01 00:00:00',0),(72,72,72,'2019-08-19 00:00:00',0),(73,73,73,'2019-09-21 00:00:00',1),(74,74,74,'2019-09-15 00:00:00',0),(75,75,75,'2019-09-10 00:00:00',0),(76,76,76,'2019-11-09 00:00:00',0),(77,77,77,'2020-07-09 00:00:00',0),(78,78,78,'2020-02-10 00:00:00',0),(79,79,79,'2019-10-16 00:00:00',0),(80,80,80,'2020-01-27 00:00:00',1),(81,81,81,'2020-02-03 00:00:00',0),(82,82,82,'2019-11-26 00:00:00',1),(83,83,83,'2019-08-01 00:00:00',1),(84,84,84,'2020-02-29 00:00:00',1),(85,85,85,'2019-09-11 00:00:00',1),(86,86,86,'2020-01-13 00:00:00',0),(87,87,87,'2019-07-28 00:00:00',0),(88,88,88,'2020-04-08 00:00:00',1),(89,89,89,'2020-04-12 00:00:00',1),(90,90,90,'2020-04-25 00:00:00',1),(91,91,91,'2019-11-30 00:00:00',1),(92,92,92,'2019-11-18 00:00:00',0),(93,93,93,'2020-04-16 00:00:00',0),(94,94,94,'2019-11-05 00:00:00',0),(95,95,95,'2020-06-14 00:00:00',1),(96,96,96,'2019-08-01 00:00:00',0),(97,97,97,'2020-05-21 00:00:00',1),(98,98,98,'2020-06-30 00:00:00',1),(99,99,99,'2020-04-21 00:00:00',0),(100,100,100,'2020-05-06 00:00:00',1);
/*!40000 ALTER TABLE `like_posts` ENABLE KEYS */;
UNLOCK TABLES;

--
-- Table structure for table `like_users`
--

DROP TABLE IF EXISTS `like_users`;
/*!40101 SET @saved_cs_client     = @@character_set_client */;
/*!50503 SET character_set_client = utf8mb4 */;
CREATE TABLE `like_users` (
  `id` bigint unsigned NOT NULL AUTO_INCREMENT,
  `user_id` bigint unsigned NOT NULL,
  `created_at` datetime DEFAULT CURRENT_TIMESTAMP,
  `like_` tinyint(1) DEFAULT NULL,
  `initiator_user_id` bigint unsigned NOT NULL,
  PRIMARY KEY (`id`),
  UNIQUE KEY `id` (`id`),
  KEY `user_id` (`user_id`),
  KEY `initiator_user_id` (`initiator_user_id`),
  CONSTRAINT `like_users_ibfk_1` FOREIGN KEY (`user_id`) REFERENCES `users` (`id`),
  CONSTRAINT `like_users_ibfk_2` FOREIGN KEY (`initiator_user_id`) REFERENCES `friend_requests` (`initiator_user_id`)
) ENGINE=InnoDB AUTO_INCREMENT=101 DEFAULT CHARSET=utf8mb4 COLLATE=utf8mb4_0900_ai_ci;
/*!40101 SET character_set_client = @saved_cs_client */;

--
-- Dumping data for table `like_users`
--

LOCK TABLES `like_users` WRITE;
/*!40000 ALTER TABLE `like_users` DISABLE KEYS */;
INSERT INTO `like_users` VALUES (1,1,'2019-09-23 00:00:00',0,1),(2,2,'2020-02-22 00:00:00',1,2),(3,3,'2019-10-01 00:00:00',1,3),(4,4,'2020-01-27 00:00:00',0,4),(5,5,'2020-03-08 00:00:00',1,5),(6,6,'2020-04-14 00:00:00',1,6),(7,7,'2019-08-13 00:00:00',0,7),(8,8,'2019-12-26 00:00:00',0,8),(9,9,'2019-10-12 00:00:00',0,9),(10,10,'2020-06-06 00:00:00',0,10),(11,11,'2020-07-02 00:00:00',0,11),(12,12,'2020-01-04 00:00:00',1,12),(13,13,'2020-04-17 00:00:00',0,13),(14,14,'2020-03-01 00:00:00',1,14),(15,15,'2020-06-03 00:00:00',1,15),(16,16,'2020-01-02 00:00:00',1,16),(17,17,'2020-06-28 00:00:00',0,17),(18,18,'2019-09-07 00:00:00',1,18),(19,19,'2019-12-08 00:00:00',1,19),(20,20,'2020-07-05 00:00:00',0,20),(21,21,'2019-12-05 00:00:00',0,21),(22,22,'2020-05-17 00:00:00',1,22),(23,23,'2019-08-21 00:00:00',0,23),(24,24,'2019-09-12 00:00:00',0,24),(25,25,'2020-07-10 00:00:00',1,25),(26,26,'2020-02-06 00:00:00',0,26),(27,27,'2020-05-18 00:00:00',1,27),(28,28,'2019-11-07 00:00:00',0,28),(29,29,'2019-08-14 00:00:00',1,29),(30,30,'2019-07-31 00:00:00',1,30),(31,31,'2019-09-29 00:00:00',0,31),(32,32,'2019-09-27 00:00:00',0,32),(33,33,'2019-12-17 00:00:00',1,33),(34,34,'2019-12-15 00:00:00',1,34),(35,35,'2020-05-30 00:00:00',1,35),(36,36,'2020-06-28 00:00:00',0,36),(37,37,'2020-04-02 00:00:00',1,37),(38,38,'2019-11-17 00:00:00',0,38),(39,39,'2020-01-22 00:00:00',0,39),(40,40,'2020-02-23 00:00:00',0,40),(41,41,'2020-05-12 00:00:00',0,41),(42,42,'2019-10-03 00:00:00',0,42),(43,43,'2019-12-30 00:00:00',0,43),(44,44,'2019-10-19 00:00:00',1,44),(45,45,'2019-11-16 00:00:00',0,45),(46,46,'2019-09-22 00:00:00',0,46),(47,47,'2020-03-26 00:00:00',1,47),(48,48,'2020-06-09 00:00:00',1,48),(49,49,'2020-02-27 00:00:00',0,49),(50,50,'2019-12-11 00:00:00',1,50),(51,51,'2019-09-26 00:00:00',1,51),(52,52,'2019-11-01 00:00:00',1,52),(53,53,'2020-06-11 00:00:00',0,53),(54,54,'2020-02-01 00:00:00',1,54),(55,55,'2019-09-01 00:00:00',1,55),(56,56,'2019-09-11 00:00:00',0,56),(57,57,'2019-10-11 00:00:00',1,57),(58,58,'2020-06-01 00:00:00',1,58),(59,59,'2020-07-04 00:00:00',1,59),(60,60,'2019-09-09 00:00:00',1,60),(61,61,'2019-10-04 00:00:00',0,61),(62,62,'2019-09-01 00:00:00',1,62),(63,63,'2019-07-30 00:00:00',1,63),(64,64,'2020-02-02 00:00:00',1,64),(65,65,'2019-11-25 00:00:00',0,65),(66,66,'2019-09-22 00:00:00',1,66),(67,67,'2019-10-03 00:00:00',1,67),(68,68,'2020-01-04 00:00:00',0,68),(69,69,'2019-12-15 00:00:00',0,69),(70,70,'2019-12-18 00:00:00',1,70),(71,71,'2019-10-19 00:00:00',0,71),(72,72,'2019-09-07 00:00:00',0,72),(73,73,'2020-07-17 00:00:00',1,73),(74,74,'2020-01-22 00:00:00',0,74),(75,75,'2019-10-28 00:00:00',1,75),(76,76,'2019-09-03 00:00:00',0,76),(77,77,'2020-05-02 00:00:00',0,77),(78,78,'2020-03-02 00:00:00',0,78),(79,79,'2020-07-10 00:00:00',1,79),(80,80,'2019-10-22 00:00:00',1,80),(81,81,'2020-04-16 00:00:00',0,81),(82,82,'2019-08-25 00:00:00',1,82),(83,83,'2019-12-20 00:00:00',0,83),(84,84,'2020-04-27 00:00:00',0,84),(85,85,'2019-10-13 00:00:00',1,85),(86,86,'2019-12-01 00:00:00',0,86),(87,87,'2019-10-25 00:00:00',0,87),(88,88,'2020-01-08 00:00:00',0,88),(89,89,'2019-10-07 00:00:00',1,89),(90,90,'2020-05-20 00:00:00',1,90),(91,91,'2020-07-11 00:00:00',1,91),(92,92,'2019-09-29 00:00:00',1,92),(93,93,'2020-06-06 00:00:00',1,93),(94,94,'2020-03-12 00:00:00',0,94),(95,95,'2020-01-13 00:00:00',0,95),(96,96,'2020-06-13 00:00:00',0,96),(97,97,'2020-04-07 00:00:00',0,97),(98,98,'2020-01-11 00:00:00',0,98),(99,99,'2020-01-15 00:00:00',0,99),(100,100,'2020-02-13 00:00:00',1,100);
/*!40000 ALTER TABLE `like_users` ENABLE KEYS */;
UNLOCK TABLES;

--
-- Table structure for table `messages`
--

DROP TABLE IF EXISTS `messages`;
/*!40101 SET @saved_cs_client     = @@character_set_client */;
/*!50503 SET character_set_client = utf8mb4 */;
CREATE TABLE `messages` (
  `id` bigint unsigned NOT NULL AUTO_INCREMENT,
  `from_user_id` bigint unsigned NOT NULL,
  `to_user_id` bigint unsigned NOT NULL,
  `body` text,
  `is_read` tinyint(1) DEFAULT NULL,
  `created_at` datetime DEFAULT CURRENT_TIMESTAMP,
  PRIMARY KEY (`id`),
  UNIQUE KEY `id` (`id`),
  KEY `from_user_id` (`from_user_id`),
  KEY `to_user_id` (`to_user_id`),
  CONSTRAINT `messages_ibfk_1` FOREIGN KEY (`from_user_id`) REFERENCES `users` (`id`),
  CONSTRAINT `messages_ibfk_2` FOREIGN KEY (`to_user_id`) REFERENCES `users` (`id`)
) ENGINE=InnoDB AUTO_INCREMENT=101 DEFAULT CHARSET=utf8mb4 COLLATE=utf8mb4_0900_ai_ci;
/*!40101 SET character_set_client = @saved_cs_client */;

--
-- Dumping data for table `messages`
--

LOCK TABLES `messages` WRITE;
/*!40000 ALTER TABLE `messages` DISABLE KEYS */;
INSERT INTO `messages` VALUES (1,1,1,'Aenean lectus. Pellentesque eget nunc. Donec quis orci eget orci vehicula condimentum.\n\nCurabitur in libeo ut massa volutpat convallis. Morbi odio odio, elementum eu, interdum eu, tincidunt in, leo. Maecenas pulvinar lobortis est.',1,'2019-11-16 00:00:00'),(2,2,2,'Quisque porta volutpat erat. Quisque erat eros, viverra eget, congue eget, semper rutrum, nulla. Nunc purus.\n\nPhasellus in feli. Donec semper sapien a libero. Nam dui.',1,'2019-11-12 00:00:00'),(3,3,3,'Aenean lectus. Pellentesque eget nunc. Donec quis orci eget orci vehicula condimentum.',0,'2020-06-09 00:00:00'),(4,4,4,'Sed sagittis. Nam congue, risus semper porta volutpat, quam pede lobortis ligula, sit amet eleifend pede libero quis orci. Nullam molestie nibh in lectus.\n\nPellentesque at nlla. Suspendisse potenti. Cras in purus eu magna vulputate luctus.\n\nCum sociis natoqu penatibus et magnis dis parturient montes, nascetur ridiculus mus. Vivamus vestibulum sagittis sapien. Cum sociis natoque penatibus et magnis dis parturient montes, nascetur ridiculus mus.',0,'2019-08-13 00:00:00'),(5,5,5,'Proin leo odio, porttitor id, consequat in, consequat ut, nulla. Sed accumsan felis. Ut at dolor quis odio consequat varius.',0,'2019-09-21 00:00:00'),(6,6,6,'In sagittis dui vel nisl. Duis ac nibh. Fusce lacus purus, aliquet at, feugiat non, pretium quis, lectus.',1,'2020-03-07 00:00:00'),(7,7,7,'Maecenas ut massa quis augue luctus tincidunt. Nulla mollis molestie lorem. Quisque ut erat.\n\nCurabitur gravidanisi at nibh. In hac habitasse platea dictumst. Aliquam augue quam, sollicitudin vitae, consectetuer eget, rutrum at, lorem.\n\nInteger tinciduntante vel ipsum. Praesent blandit lacinia erat. Vestibulum sed magna at nunc commodo placerat.',1,'2019-11-03 00:00:00'),(8,8,8,'Lorem ipsum dolor sit amet, consectetuer adipiscing elit. Proin risus. Praesent lectus.\n\nVestibulum quam spien, varius ut, blandit non, interdum in, ante. Vestibulum ante ipsum primis in faucibus orci luctus et ultrices posuere cubilia Curae; Duis faucibus accumsan odio. Curabitur convallis.',1,'2019-10-08 00:00:00'),(9,9,9,'Proin eu mi. Nulla ac enim. In tempor, turpis nec euismod scelerisque, quam turpis adipiscing lorem, vitae mattis nibh ligula nec sem.\n\nDuis aliquam convllis nunc. Proin at turpis a pede posuere nonummy. Integer non velit.\n\nDonec diam neque,vestibulum eget, vulputate ut, ultrices vel, augue. Vestibulum ante ipsum primis in faucibus orci luctus et ultrices posuere cubilia Curae; Donec pharetra, magna vestibulum aliquet ultrices, erat tortor sollicitudin mi, sit amet lobortis sapien sapien non mi. Integer ac neque.',0,'2020-07-07 00:00:00'),(10,10,10,'Cras non velit nec nisi vulputate nonummy. Maecenas tincidunt lacus at velit. Vivamus vel nulla eget eros elementum pellentesque.',0,'2019-08-30 00:00:00'),(11,11,11,'Cum sociis natoque penatibus et magnis dis parturient montes, nascetur ridiculus mus. Vivamus vestibulum sagittis sapien. Cum sociis natoque penatibus et magnis dis parturient montes, nascetur ridiculus mus.\n\nEtiam vel augue. estibulum rutrum rutrum neque. Aenean auctor gravida sem.\n\nPraesent id massaid nisl venenatis lacinia. Aenean sit amet justo. Morbi ut odio.',1,'2020-01-18 00:00:00'),(12,12,12,'In hac habitasse platea dictumst. Morbi vestibulum, velit id pretium iaculis, diam erat fermentum justo, nec condimentum neque sapien placerat ante. Nulla justo.',1,'2019-12-31 00:00:00'),(13,13,13,'Integer ac leo. Pellentesque ultrices mattis odio. Donec vitae nisi.\n\nNam ultrices, libro non mattis pulvinar, nulla pede ullamcorper augue, a suscipit nulla elit ac nulla. Sed vel enim sit amet nunc viverra dapibus. Nulla suscipit ligula in lacus.\n\nCurabitur at ipsu ac tellus semper interdum. Mauris ullamcorper purus sit amet nulla. Quisque arcu libero, rutrum ac, lobortis vel, dapibus at, diam.',0,'2019-10-05 00:00:00'),(14,14,14,'Proin interdum mauris non ligula pellentesque ultrices. Phasellus id sapien in sapien iaculis congue. Vivamus metus arcu, adipiscing molestie, hendrerit at, vulputate vitae, nisl.',0,'2019-08-27 00:00:00'),(15,15,15,'Nullam porttitor lacus at turpis. Donec posuere metus vitae ipsum. Aliquam non mauris.\n\nMorbi non lectus.Aliquam sit amet diam in magna bibendum imperdiet. Nullam orci pede, venenatis non, sodales sed, tincidunt eu, felis.\n\nFusce posuere fels sed lacus. Morbi sem mauris, laoreet ut, rhoncus aliquet, pulvinar sed, nisl. Nunc rhoncus dui vel sem.',0,'2019-11-10 00:00:00'),(16,16,16,'In quis justo. Maecenas rhoncus aliquam lacus. Morbi quis tortor id nulla ultrices aliquet.',0,'2019-12-12 00:00:00'),(17,17,17,'Aliquam quis turpis eget elit sodales scelerisque. Mauris sit amet eros. Suspendisse accumsan tortor quis turpis.\n\nSed ante. Vivamustortor. Duis mattis egestas metus.',1,'2019-09-12 00:00:00'),(18,18,18,'Nullam porttitor lacus at turpis. Donec posuere metus vitae ipsum. Aliquam non mauris.\n\nMorbi non lectus.Aliquam sit amet diam in magna bibendum imperdiet. Nullam orci pede, venenatis non, sodales sed, tincidunt eu, felis.',1,'2020-06-18 00:00:00'),(19,19,19,'Sed ante. Vivamus tortor. Duis mattis egestas metus.',0,'2019-10-09 00:00:00'),(20,20,20,'In hac habitasse platea dictumst. Morbi vestibulum, velit id pretium iaculis, diam erat fermentum justo, nec condimentum neque sapien placerat ante. Nulla justo.\n\nAliquam quis turps eget elit sodales scelerisque. Mauris sit amet eros. Suspendisse accumsan tortor quis turpis.',1,'2019-12-07 00:00:00'),(21,21,21,'Morbi non lectus. Aliquam sit amet diam in magna bibendum imperdiet. Nullam orci pede, venenatis non, sodales sed, tincidunt eu, felis.',0,'2020-07-13 00:00:00'),(22,22,22,'Curabitur in libero ut massa volutpat convallis. Morbi odio odio, elementum eu, interdum eu, tincidunt in, leo. Maecenas pulvinar lobortis est.\n\nPhasellus sit ame erat. Nulla tempus. Vivamus in felis eu sapien cursus vestibulum.\n\nProin eu mi. Null ac enim. In tempor, turpis nec euismod scelerisque, quam turpis adipiscing lorem, vitae mattis nibh ligula nec sem.',0,'2019-08-31 00:00:00'),(23,23,23,'Praesent id massa id nisl venenatis lacinia. Aenean sit amet justo. Morbi ut odio.\n\nCras mi pede, malsuada in, imperdiet et, commodo vulputate, justo. In blandit ultrices enim. Lorem ipsum dolor sit amet, consectetuer adipiscing elit.',1,'2019-11-27 00:00:00'),(24,24,24,'Integer tincidunt ante vel ipsum. Praesent blandit lacinia erat. Vestibulum sed magna at nunc commodo placerat.',0,'2020-01-08 00:00:00'),(25,25,25,'Donec diam neque, vestibulum eget, vulputate ut, ultrices vel, augue. Vestibulum ante ipsum primis in faucibus orci luctus et ultrices posuere cubilia Curae; Donec pharetra, magna vestibulum aliquet ultrices, erat tortor sollicitudin mi, sit amet lobortis sapien sapien non mi. Integer ac neque.',0,'2019-12-24 00:00:00'),(26,26,26,'Duis bibendum. Morbi non quam nec dui luctus rutrum. Nulla tellus.\n\nIn sagittis dui vl nisl. Duis ac nibh. Fusce lacus purus, aliquet at, feugiat non, pretium quis, lectus.\n\nSuspendisse poteni. In eleifend quam a odio. In hac habitasse platea dictumst.',0,'2020-05-03 00:00:00'),(27,27,27,'Duis consequat dui nec nisi volutpat eleifend. Donec ut dolor. Morbi vel lectus in quam fringilla rhoncus.',1,'2019-11-09 00:00:00'),(28,28,28,'Maecenas leo odio, condimentum id, luctus nec, molestie sed, justo. Pellentesque viverra pede ac diam. Cras pellentesque volutpat dui.\n\nMaecenas tristiqu, est et tempus semper, est quam pharetra magna, ac consequat metus sapien ut nunc. Vestibulum ante ipsum primis in faucibus orci luctus et ultrices posuere cubilia Curae; Mauris viverra diam vitae quam. Suspendisse potenti.',1,'2019-10-31 00:00:00'),(29,29,29,'Aliquam quis turpis eget elit sodales scelerisque. Mauris sit amet eros. Suspendisse accumsan tortor quis turpis.\n\nSed ante. Vivamustortor. Duis mattis egestas metus.',1,'2020-07-15 00:00:00'),(30,30,30,'Cras non velit nec nisi vulputate nonummy. Maecenas tincidunt lacus at velit. Vivamus vel nulla eget eros elementum pellentesque.\n\nQuisque porta voltpat erat. Quisque erat eros, viverra eget, congue eget, semper rutrum, nulla. Nunc purus.\n\nPhasellus in feli. Donec semper sapien a libero. Nam dui.',1,'2019-08-20 00:00:00'),(31,31,31,'Pellentesque at nulla. Suspendisse potenti. Cras in purus eu magna vulputate luctus.\n\nCum sociis natoqu penatibus et magnis dis parturient montes, nascetur ridiculus mus. Vivamus vestibulum sagittis sapien. Cum sociis natoque penatibus et magnis dis parturient montes, nascetur ridiculus mus.',1,'2020-07-14 00:00:00'),(32,32,32,'Maecenas leo odio, condimentum id, luctus nec, molestie sed, justo. Pellentesque viverra pede ac diam. Cras pellentesque volutpat dui.',1,'2019-09-21 00:00:00'),(33,33,33,'Proin eu mi. Nulla ac enim. In tempor, turpis nec euismod scelerisque, quam turpis adipiscing lorem, vitae mattis nibh ligula nec sem.\n\nDuis aliquam convllis nunc. Proin at turpis a pede posuere nonummy. Integer non velit.\n\nDonec diam neque,vestibulum eget, vulputate ut, ultrices vel, augue. Vestibulum ante ipsum primis in faucibus orci luctus et ultrices posuere cubilia Curae; Donec pharetra, magna vestibulum aliquet ultrices, erat tortor sollicitudin mi, sit amet lobortis sapien sapien non mi. Integer ac neque.',0,'2020-04-10 00:00:00'),(34,34,34,'Praesent id massa id nisl venenatis lacinia. Aenean sit amet justo. Morbi ut odio.\n\nCras mi pede, malsuada in, imperdiet et, commodo vulputate, justo. In blandit ultrices enim. Lorem ipsum dolor sit amet, consectetuer adipiscing elit.\n\nProin interdum maris non ligula pellentesque ultrices. Phasellus id sapien in sapien iaculis congue. Vivamus metus arcu, adipiscing molestie, hendrerit at, vulputate vitae, nisl.',0,'2020-02-07 00:00:00'),(35,35,35,'Proin eu mi. Nulla ac enim. In tempor, turpis nec euismod scelerisque, quam turpis adipiscing lorem, vitae mattis nibh ligula nec sem.',0,'2020-03-06 00:00:00'),(36,36,36,'Phasellus sit amet erat. Nulla tempus. Vivamus in felis eu sapien cursus vestibulum.\n\nProin eu mi. Null ac enim. In tempor, turpis nec euismod scelerisque, quam turpis adipiscing lorem, vitae mattis nibh ligula nec sem.\n\nDuis aliquam convllis nunc. Proin at turpis a pede posuere nonummy. Integer non velit.',0,'2020-04-02 00:00:00'),(37,37,37,'Phasellus sit amet erat. Nulla tempus. Vivamus in felis eu sapien cursus vestibulum.\n\nProin eu mi. Null ac enim. In tempor, turpis nec euismod scelerisque, quam turpis adipiscing lorem, vitae mattis nibh ligula nec sem.\n\nDuis aliquam convllis nunc. Proin at turpis a pede posuere nonummy. Integer non velit.',1,'2020-01-20 00:00:00'),(38,38,38,'Cum sociis natoque penatibus et magnis dis parturient montes, nascetur ridiculus mus. Vivamus vestibulum sagittis sapien. Cum sociis natoque penatibus et magnis dis parturient montes, nascetur ridiculus mus.\n\nEtiam vel augue. estibulum rutrum rutrum neque. Aenean auctor gravida sem.\n\nPraesent id massaid nisl venenatis lacinia. Aenean sit amet justo. Morbi ut odio.',0,'2019-11-03 00:00:00'),(39,39,39,'Aenean fermentum. Donec ut mauris eget massa tempor convallis. Nulla neque libero, convallis eget, eleifend luctus, ultricies eu, nibh.',1,'2019-12-09 00:00:00'),(40,40,40,'Duis aliquam convallis nunc. Proin at turpis a pede posuere nonummy. Integer non velit.\n\nDonec diam neque,vestibulum eget, vulputate ut, ultrices vel, augue. Vestibulum ante ipsum primis in faucibus orci luctus et ultrices posuere cubilia Curae; Donec pharetra, magna vestibulum aliquet ultrices, erat tortor sollicitudin mi, sit amet lobortis sapien sapien non mi. Integer ac neque.\n\nDuis bibendum. Mobi non quam nec dui luctus rutrum. Nulla tellus.',1,'2020-04-27 00:00:00'),(41,41,41,'Nulla ut erat id mauris vulputate elementum. Nullam varius. Nulla facilisi.\n\nCras non velit ne nisi vulputate nonummy. Maecenas tincidunt lacus at velit. Vivamus vel nulla eget eros elementum pellentesque.\n\nQuisque porta voltpat erat. Quisque erat eros, viverra eget, congue eget, semper rutrum, nulla. Nunc purus.',0,'2019-09-25 00:00:00'),(42,42,42,'Vestibulum quam sapien, varius ut, blandit non, interdum in, ante. Vestibulum ante ipsum primis in faucibus orci luctus et ultrices posuere cubilia Curae; Duis faucibus accumsan odio. Curabitur convallis.\n\nDuis consequat du nec nisi volutpat eleifend. Donec ut dolor. Morbi vel lectus in quam fringilla rhoncus.\n\nMauris enim leo, honcus sed, vestibulum sit amet, cursus id, turpis. Integer aliquet, massa id lobortis convallis, tortor risus dapibus augue, vel accumsan tellus nisi eu orci. Mauris lacinia sapien quis libero.',1,'2020-02-29 00:00:00'),(43,43,43,'Aenean lectus. Pellentesque eget nunc. Donec quis orci eget orci vehicula condimentum.',0,'2019-08-25 00:00:00'),(44,44,44,'Vestibulum ac est lacinia nisi venenatis tristique. Fusce congue, diam id ornare imperdiet, sapien urna pretium nisl, ut volutpat sapien arcu sed augue. Aliquam erat volutpat.',0,'2020-05-09 00:00:00'),(45,45,45,'Duis bibendum, felis sed interdum venenatis, turpis enim blandit mi, in porttitor pede justo eu massa. Donec dapibus. Duis at velit eu est congue elementum.\n\nIn hac habitasse latea dictumst. Morbi vestibulum, velit id pretium iaculis, diam erat fermentum justo, nec condimentum neque sapien placerat ante. Nulla justo.\n\nAliquam quis turps eget elit sodales scelerisque. Mauris sit amet eros. Suspendisse accumsan tortor quis turpis.',0,'2019-11-02 00:00:00'),(46,46,46,'Aenean lectus. Pellentesque eget nunc. Donec quis orci eget orci vehicula condimentum.\n\nCurabitur in libeo ut massa volutpat convallis. Morbi odio odio, elementum eu, interdum eu, tincidunt in, leo. Maecenas pulvinar lobortis est.',1,'2020-02-08 00:00:00'),(47,47,47,'Quisque id justo sit amet sapien dignissim vestibulum. Vestibulum ante ipsum primis in faucibus orci luctus et ultrices posuere cubilia Curae; Nulla dapibus dolor vel est. Donec odio justo, sollicitudin ut, suscipit a, feugiat et, eros.',1,'2019-08-20 00:00:00'),(48,48,48,'Maecenas tristique, est et tempus semper, est quam pharetra magna, ac consequat metus sapien ut nunc. Vestibulum ante ipsum primis in faucibus orci luctus et ultrices posuere cubilia Curae; Mauris viverra diam vitae quam. Suspendisse potenti.\n\nNullam porttitor acus at turpis. Donec posuere metus vitae ipsum. Aliquam non mauris.\n\nMorbi non lectus.Aliquam sit amet diam in magna bibendum imperdiet. Nullam orci pede, venenatis non, sodales sed, tincidunt eu, felis.',0,'2019-09-20 00:00:00'),(49,49,49,'Donec diam neque, vestibulum eget, vulputate ut, ultrices vel, augue. Vestibulum ante ipsum primis in faucibus orci luctus et ultrices posuere cubilia Curae; Donec pharetra, magna vestibulum aliquet ultrices, erat tortor sollicitudin mi, sit amet lobortis sapien sapien non mi. Integer ac neque.\n\nDuis bibendum. Mobi non quam nec dui luctus rutrum. Nulla tellus.\n\nIn sagittis dui vl nisl. Duis ac nibh. Fusce lacus purus, aliquet at, feugiat non, pretium quis, lectus.',0,'2020-06-26 00:00:00'),(50,50,50,'Nullam porttitor lacus at turpis. Donec posuere metus vitae ipsum. Aliquam non mauris.\n\nMorbi non lectus.Aliquam sit amet diam in magna bibendum imperdiet. Nullam orci pede, venenatis non, sodales sed, tincidunt eu, felis.\n\nFusce posuere fels sed lacus. Morbi sem mauris, laoreet ut, rhoncus aliquet, pulvinar sed, nisl. Nunc rhoncus dui vel sem.',0,'2020-03-20 00:00:00'),(51,51,51,'Maecenas leo odio, condimentum id, luctus nec, molestie sed, justo. Pellentesque viverra pede ac diam. Cras pellentesque volutpat dui.\n\nMaecenas tristiqu, est et tempus semper, est quam pharetra magna, ac consequat metus sapien ut nunc. Vestibulum ante ipsum primis in faucibus orci luctus et ultrices posuere cubilia Curae; Mauris viverra diam vitae quam. Suspendisse potenti.',0,'2019-12-02 00:00:00'),(52,52,52,'Sed sagittis. Nam congue, risus semper porta volutpat, quam pede lobortis ligula, sit amet eleifend pede libero quis orci. Nullam molestie nibh in lectus.\n\nPellentesque at nlla. Suspendisse potenti. Cras in purus eu magna vulputate luctus.',1,'2019-11-06 00:00:00'),(53,53,53,'Praesent blandit. Nam nulla. Integer pede justo, lacinia eget, tincidunt eget, tempus vel, pede.\n\nMorbi porttitor lrem id ligula. Suspendisse ornare consequat lectus. In est risus, auctor sed, tristique in, tempus sit amet, sem.',0,'2019-08-02 00:00:00'),(54,54,54,'Duis consequat dui nec nisi volutpat eleifend. Donec ut dolor. Morbi vel lectus in quam fringilla rhoncus.\n\nMauris enim leo, honcus sed, vestibulum sit amet, cursus id, turpis. Integer aliquet, massa id lobortis convallis, tortor risus dapibus augue, vel accumsan tellus nisi eu orci. Mauris lacinia sapien quis libero.\n\nNullam sit amet trpis elementum ligula vehicula consequat. Morbi a ipsum. Integer a nibh.',0,'2020-06-14 00:00:00'),(55,55,55,'In hac habitasse platea dictumst. Etiam faucibus cursus urna. Ut tellus.\n\nNulla ut erat id auris vulputate elementum. Nullam varius. Nulla facilisi.',1,'2019-09-17 00:00:00'),(56,56,56,'Maecenas tristique, est et tempus semper, est quam pharetra magna, ac consequat metus sapien ut nunc. Vestibulum ante ipsum primis in faucibus orci luctus et ultrices posuere cubilia Curae; Mauris viverra diam vitae quam. Suspendisse potenti.\n\nNullam porttitor acus at turpis. Donec posuere metus vitae ipsum. Aliquam non mauris.\n\nMorbi non lectus.Aliquam sit amet diam in magna bibendum imperdiet. Nullam orci pede, venenatis non, sodales sed, tincidunt eu, felis.',1,'2020-05-11 00:00:00'),(57,57,57,'Duis bibendum, felis sed interdum venenatis, turpis enim blandit mi, in porttitor pede justo eu massa. Donec dapibus. Duis at velit eu est congue elementum.\n\nIn hac habitasse latea dictumst. Morbi vestibulum, velit id pretium iaculis, diam erat fermentum justo, nec condimentum neque sapien placerat ante. Nulla justo.',0,'2020-01-16 00:00:00'),(58,58,58,'Praesent id massa id nisl venenatis lacinia. Aenean sit amet justo. Morbi ut odio.',1,'2019-12-03 00:00:00'),(59,59,59,'Cras non velit nec nisi vulputate nonummy. Maecenas tincidunt lacus at velit. Vivamus vel nulla eget eros elementum pellentesque.\n\nQuisque porta voltpat erat. Quisque erat eros, viverra eget, congue eget, semper rutrum, nulla. Nunc purus.',0,'2019-09-30 00:00:00'),(60,60,60,'Morbi non lectus. Aliquam sit amet diam in magna bibendum imperdiet. Nullam orci pede, venenatis non, sodales sed, tincidunt eu, felis.\n\nFusce posuere fels sed lacus. Morbi sem mauris, laoreet ut, rhoncus aliquet, pulvinar sed, nisl. Nunc rhoncus dui vel sem.',1,'2019-09-01 00:00:00'),(61,61,61,'Aenean lectus. Pellentesque eget nunc. Donec quis orci eget orci vehicula condimentum.',1,'2020-03-11 00:00:00'),(62,62,62,'Phasellus in felis. Donec semper sapien a libero. Nam dui.\n\nProin leo odio, prttitor id, consequat in, consequat ut, nulla. Sed accumsan felis. Ut at dolor quis odio consequat varius.',1,'2019-11-12 00:00:00'),(63,63,63,'Sed ante. Vivamus tortor. Duis mattis egestas metus.',1,'2020-04-09 00:00:00'),(64,64,64,'Duis bibendum. Morbi non quam nec dui luctus rutrum. Nulla tellus.\n\nIn sagittis dui vl nisl. Duis ac nibh. Fusce lacus purus, aliquet at, feugiat non, pretium quis, lectus.',1,'2019-09-29 00:00:00'),(65,65,65,'Integer ac leo. Pellentesque ultrices mattis odio. Donec vitae nisi.\n\nNam ultrices, libro non mattis pulvinar, nulla pede ullamcorper augue, a suscipit nulla elit ac nulla. Sed vel enim sit amet nunc viverra dapibus. Nulla suscipit ligula in lacus.',1,'2019-10-19 00:00:00'),(66,66,66,'Donec diam neque, vestibulum eget, vulputate ut, ultrices vel, augue. Vestibulum ante ipsum primis in faucibus orci luctus et ultrices posuere cubilia Curae; Donec pharetra, magna vestibulum aliquet ultrices, erat tortor sollicitudin mi, sit amet lobortis sapien sapien non mi. Integer ac neque.\n\nDuis bibendum. Mobi non quam nec dui luctus rutrum. Nulla tellus.\n\nIn sagittis dui vl nisl. Duis ac nibh. Fusce lacus purus, aliquet at, feugiat non, pretium quis, lectus.',1,'2019-09-15 00:00:00'),(67,67,67,'Praesent blandit. Nam nulla. Integer pede justo, lacinia eget, tincidunt eget, tempus vel, pede.',0,'2019-08-25 00:00:00'),(68,68,68,'Praesent id massa id nisl venenatis lacinia. Aenean sit amet justo. Morbi ut odio.\n\nCras mi pede, malsuada in, imperdiet et, commodo vulputate, justo. In blandit ultrices enim. Lorem ipsum dolor sit amet, consectetuer adipiscing elit.',0,'2020-03-22 00:00:00'),(69,69,69,'Aenean lectus. Pellentesque eget nunc. Donec quis orci eget orci vehicula condimentum.',0,'2020-05-09 00:00:00'),(70,70,70,'Suspendisse potenti. In eleifend quam a odio. In hac habitasse platea dictumst.',0,'2019-10-06 00:00:00'),(71,71,71,'Fusce posuere felis sed lacus. Morbi sem mauris, laoreet ut, rhoncus aliquet, pulvinar sed, nisl. Nunc rhoncus dui vel sem.',0,'2020-03-13 00:00:00'),(72,72,72,'Maecenas tristique, est et tempus semper, est quam pharetra magna, ac consequat metus sapien ut nunc. Vestibulum ante ipsum primis in faucibus orci luctus et ultrices posuere cubilia Curae; Mauris viverra diam vitae quam. Suspendisse potenti.',1,'2020-01-10 00:00:00'),(73,73,73,'In hac habitasse platea dictumst. Etiam faucibus cursus urna. Ut tellus.\n\nNulla ut erat id auris vulputate elementum. Nullam varius. Nulla facilisi.\n\nCras non velit ne nisi vulputate nonummy. Maecenas tincidunt lacus at velit. Vivamus vel nulla eget eros elementum pellentesque.',0,'2020-06-15 00:00:00'),(74,74,74,'Proin eu mi. Nulla ac enim. In tempor, turpis nec euismod scelerisque, quam turpis adipiscing lorem, vitae mattis nibh ligula nec sem.\n\nDuis aliquam convllis nunc. Proin at turpis a pede posuere nonummy. Integer non velit.\n\nDonec diam neque,vestibulum eget, vulputate ut, ultrices vel, augue. Vestibulum ante ipsum primis in faucibus orci luctus et ultrices posuere cubilia Curae; Donec pharetra, magna vestibulum aliquet ultrices, erat tortor sollicitudin mi, sit amet lobortis sapien sapien non mi. Integer ac neque.',0,'2020-05-29 00:00:00'),(75,75,75,'In hac habitasse platea dictumst. Morbi vestibulum, velit id pretium iaculis, diam erat fermentum justo, nec condimentum neque sapien placerat ante. Nulla justo.\n\nAliquam quis turps eget elit sodales scelerisque. Mauris sit amet eros. Suspendisse accumsan tortor quis turpis.',0,'2020-02-26 00:00:00'),(76,76,76,'In hac habitasse platea dictumst. Morbi vestibulum, velit id pretium iaculis, diam erat fermentum justo, nec condimentum neque sapien placerat ante. Nulla justo.',1,'2019-11-25 00:00:00'),(77,77,77,'Praesent id massa id nisl venenatis lacinia. Aenean sit amet justo. Morbi ut odio.\n\nCras mi pede, malsuada in, imperdiet et, commodo vulputate, justo. In blandit ultrices enim. Lorem ipsum dolor sit amet, consectetuer adipiscing elit.\n\nProin interdum maris non ligula pellentesque ultrices. Phasellus id sapien in sapien iaculis congue. Vivamus metus arcu, adipiscing molestie, hendrerit at, vulputate vitae, nisl.',1,'2019-07-28 00:00:00'),(78,78,78,'Phasellus in felis. Donec semper sapien a libero. Nam dui.\n\nProin leo odio, prttitor id, consequat in, consequat ut, nulla. Sed accumsan felis. Ut at dolor quis odio consequat varius.',0,'2019-10-05 00:00:00'),(79,79,79,'Duis consequat dui nec nisi volutpat eleifend. Donec ut dolor. Morbi vel lectus in quam fringilla rhoncus.\n\nMauris enim leo, honcus sed, vestibulum sit amet, cursus id, turpis. Integer aliquet, massa id lobortis convallis, tortor risus dapibus augue, vel accumsan tellus nisi eu orci. Mauris lacinia sapien quis libero.\n\nNullam sit amet trpis elementum ligula vehicula consequat. Morbi a ipsum. Integer a nibh.',0,'2019-09-23 00:00:00'),(80,80,80,'Nam ultrices, libero non mattis pulvinar, nulla pede ullamcorper augue, a suscipit nulla elit ac nulla. Sed vel enim sit amet nunc viverra dapibus. Nulla suscipit ligula in lacus.\n\nCurabitur at ipsu ac tellus semper interdum. Mauris ullamcorper purus sit amet nulla. Quisque arcu libero, rutrum ac, lobortis vel, dapibus at, diam.',0,'2019-09-26 00:00:00'),(81,81,81,'Aenean lectus. Pellentesque eget nunc. Donec quis orci eget orci vehicula condimentum.\n\nCurabitur in libeo ut massa volutpat convallis. Morbi odio odio, elementum eu, interdum eu, tincidunt in, leo. Maecenas pulvinar lobortis est.',1,'2019-08-15 00:00:00'),(82,82,82,'In sagittis dui vel nisl. Duis ac nibh. Fusce lacus purus, aliquet at, feugiat non, pretium quis, lectus.\n\nSuspendisse poteni. In eleifend quam a odio. In hac habitasse platea dictumst.',1,'2019-12-14 00:00:00'),(83,83,83,'Nulla ut erat id mauris vulputate elementum. Nullam varius. Nulla facilisi.\n\nCras non velit ne nisi vulputate nonummy. Maecenas tincidunt lacus at velit. Vivamus vel nulla eget eros elementum pellentesque.\n\nQuisque porta voltpat erat. Quisque erat eros, viverra eget, congue eget, semper rutrum, nulla. Nunc purus.',1,'2019-08-08 00:00:00'),(84,84,84,'Duis aliquam convallis nunc. Proin at turpis a pede posuere nonummy. Integer non velit.\n\nDonec diam neque,vestibulum eget, vulputate ut, ultrices vel, augue. Vestibulum ante ipsum primis in faucibus orci luctus et ultrices posuere cubilia Curae; Donec pharetra, magna vestibulum aliquet ultrices, erat tortor sollicitudin mi, sit amet lobortis sapien sapien non mi. Integer ac neque.',1,'2019-10-09 00:00:00'),(85,85,85,'Vestibulum quam sapien, varius ut, blandit non, interdum in, ante. Vestibulum ante ipsum primis in faucibus orci luctus et ultrices posuere cubilia Curae; Duis faucibus accumsan odio. Curabitur convallis.',0,'2019-11-23 00:00:00'),(86,86,86,'Maecenas leo odio, condimentum id, luctus nec, molestie sed, justo. Pellentesque viverra pede ac diam. Cras pellentesque volutpat dui.',0,'2020-04-26 00:00:00'),(87,87,87,'Lorem ipsum dolor sit amet, consectetuer adipiscing elit. Proin risus. Praesent lectus.',0,'2020-02-04 00:00:00'),(88,88,88,'Duis consequat dui nec nisi volutpat eleifend. Donec ut dolor. Morbi vel lectus in quam fringilla rhoncus.\n\nMauris enim leo, honcus sed, vestibulum sit amet, cursus id, turpis. Integer aliquet, massa id lobortis convallis, tortor risus dapibus augue, vel accumsan tellus nisi eu orci. Mauris lacinia sapien quis libero.\n\nNullam sit amet trpis elementum ligula vehicula consequat. Morbi a ipsum. Integer a nibh.',1,'2020-01-03 00:00:00'),(89,89,89,'Lorem ipsum dolor sit amet, consectetuer adipiscing elit. Proin risus. Praesent lectus.',0,'2020-05-06 00:00:00'),(90,90,90,'Vestibulum ac est lacinia nisi venenatis tristique. Fusce congue, diam id ornare imperdiet, sapien urna pretium nisl, ut volutpat sapien arcu sed augue. Aliquam erat volutpat.\n\nIn congue. Etiam usto. Etiam pretium iaculis justo.',0,'2020-06-04 00:00:00'),(91,91,91,'Vestibulum ac est lacinia nisi venenatis tristique. Fusce congue, diam id ornare imperdiet, sapien urna pretium nisl, ut volutpat sapien arcu sed augue. Aliquam erat volutpat.',1,'2020-06-07 00:00:00'),(92,92,92,'Integer ac leo. Pellentesque ultrices mattis odio. Donec vitae nisi.\n\nNam ultrices, libro non mattis pulvinar, nulla pede ullamcorper augue, a suscipit nulla elit ac nulla. Sed vel enim sit amet nunc viverra dapibus. Nulla suscipit ligula in lacus.',1,'2019-10-01 00:00:00'),(93,93,93,'Nullam porttitor lacus at turpis. Donec posuere metus vitae ipsum. Aliquam non mauris.\n\nMorbi non lectus.Aliquam sit amet diam in magna bibendum imperdiet. Nullam orci pede, venenatis non, sodales sed, tincidunt eu, felis.',0,'2020-06-14 00:00:00'),(94,94,94,'Cum sociis natoque penatibus et magnis dis parturient montes, nascetur ridiculus mus. Vivamus vestibulum sagittis sapien. Cum sociis natoque penatibus et magnis dis parturient montes, nascetur ridiculus mus.\n\nEtiam vel augue. estibulum rutrum rutrum neque. Aenean auctor gravida sem.',1,'2019-08-06 00:00:00'),(95,95,95,'Nulla ut erat id mauris vulputate elementum. Nullam varius. Nulla facilisi.\n\nCras non velit ne nisi vulputate nonummy. Maecenas tincidunt lacus at velit. Vivamus vel nulla eget eros elementum pellentesque.',1,'2019-10-05 00:00:00'),(96,96,96,'Phasellus in felis. Donec semper sapien a libero. Nam dui.\n\nProin leo odio, prttitor id, consequat in, consequat ut, nulla. Sed accumsan felis. Ut at dolor quis odio consequat varius.',1,'2019-08-12 00:00:00'),(97,97,97,'Nam ultrices, libero non mattis pulvinar, nulla pede ullamcorper augue, a suscipit nulla elit ac nulla. Sed vel enim sit amet nunc viverra dapibus. Nulla suscipit ligula in lacus.',0,'2019-12-12 00:00:00'),(98,98,98,'Nulla ut erat id mauris vulputate elementum. Nullam varius. Nulla facilisi.\n\nCras non velit ne nisi vulputate nonummy. Maecenas tincidunt lacus at velit. Vivamus vel nulla eget eros elementum pellentesque.\n\nQuisque porta voltpat erat. Quisque erat eros, viverra eget, congue eget, semper rutrum, nulla. Nunc purus.',0,'2019-10-23 00:00:00'),(99,99,99,'Integer tincidunt ante vel ipsum. Praesent blandit lacinia erat. Vestibulum sed magna at nunc commodo placerat.\n\nPraesent blandit.Nam nulla. Integer pede justo, lacinia eget, tincidunt eget, tempus vel, pede.\n\nMorbi porttitor lrem id ligula. Suspendisse ornare consequat lectus. In est risus, auctor sed, tristique in, tempus sit amet, sem.',0,'2020-04-12 00:00:00'),(100,100,100,'Phasellus in felis. Donec semper sapien a libero. Nam dui.',0,'2019-08-29 00:00:00');
/*!40000 ALTER TABLE `messages` ENABLE KEYS */;
UNLOCK TABLES;

--
-- Table structure for table `photo`
--

DROP TABLE IF EXISTS `photo`;
/*!40101 SET @saved_cs_client     = @@character_set_client */;
/*!50503 SET character_set_client = utf8mb4 */;
CREATE TABLE `photo` (
  `id` bigint unsigned NOT NULL AUTO_INCREMENT,
  `file_` varchar(255) DEFAULT NULL,
  `user_id` bigint unsigned NOT NULL,
  `description_` text,
  `created_at` datetime DEFAULT CURRENT_TIMESTAMP,
  `updated_at` datetime DEFAULT CURRENT_TIMESTAMP ON UPDATE CURRENT_TIMESTAMP,
  PRIMARY KEY (`id`),
  UNIQUE KEY `id` (`id`),
  KEY `user_id` (`user_id`),
  CONSTRAINT `photo_ibfk_1` FOREIGN KEY (`user_id`) REFERENCES `users` (`id`)
) ENGINE=InnoDB AUTO_INCREMENT=101 DEFAULT CHARSET=utf8mb4 COLLATE=utf8mb4_0900_ai_ci;
/*!40101 SET character_set_client = @saved_cs_client */;

--
-- Dumping data for table `photo`
--

LOCK TABLES `photo` WRITE;
/*!40000 ALTER TABLE `photo` DISABLE KEYS */;
INSERT INTO `photo` VALUES (1,'parturient montes nascetur ridiculus mus vivamus vestibulum sagittis sapien cum',1,'Quisque porta volutpat erat. Quisque erat eros, viverra eget, congue eget, semper rutrum, nulla. Nunc purus.\n\nPhasellus in felis. Donec semper sapien a libero. Nam dui.\n\nProin leo odio, porttitor id, consequat in, consequat ut, nulla. Sed accumsan felis. Ut at dolor quis odio consequat varius.','2020-07-11 00:00:00','2019-10-18 00:00:00'),(2,'sollicitudin vitae consectetuer eget rutrum at lorem integer tincidunt ante vel ipsum praesent blandit lacinia erat',2,'Donec diam neque, vestibulum eget, vulputate ut, ultrices vel, augue. Vestibulum ante ipsum primis in faucibus orci luctus et ultrices posuere cubilia Curae; Donec pharetra, magna vestibulum aliquet ultrices, erat tortor sollicitudin mi, sit amet lobortis sapien sapien non mi. Integer ac neque.\n\nDuis bibendum. Morbi non quam nec dui luctus rutrum. Nulla tellus.','2020-03-10 00:00:00','2020-01-27 00:00:00'),(3,'et magnis dis parturient montes nascetur ridiculus mus etiam vel augue vestibulum rutrum rutrum neque aenean',3,'Maecenas leo odio, condimentum id, luctus nec, molestie sed, justo. Pellentesque viverra pede ac diam. Cras pellentesque volutpat dui.','2020-01-30 00:00:00','2019-11-22 00:00:00'),(4,'mattis pulvinar nulla pede ullamcorper augue a suscipit nulla elit',4,'Sed ante. Vivamus tortor. Duis mattis egestas metus.\n\nAenean fermentum. Donec ut mauris eget massa tempor convallis. Nulla neque libero, convallis eget, eleifend luctus, ultricies eu, nibh.\n\nQuisque id justo sit amet sapien dignissim vestibulum. Vestibulum ante ipsum primis in faucibus orci luctus et ultrices posuere cubilia Curae; Nulla dapibus dolor vel est. Donec odio justo, sollicitudin ut, suscipit a, feugiat et, eros.','2020-04-07 00:00:00','2020-01-25 00:00:00'),(5,'nullam molestie nibh in lectus pellentesque at nulla suspendisse potenti cras in purus eu magna vulputate luctus cum sociis natoque',5,'Integer tincidunt ante vel ipsum. Praesent blandit lacinia erat. Vestibulum sed magna at nunc commodo placerat.\n\nPraesent blandit. Nam nulla. Integer pede justo, lacinia eget, tincidunt eget, tempus vel, pede.','2019-10-22 00:00:00','2020-03-23 00:00:00'),(6,'semper interdum mauris ullamcorper purus sit amet nulla quisque arcu libero rutrum ac lobortis vel',6,'Duis consequat dui nec nisi volutpat eleifend. Donec ut dolor. Morbi vel lectus in quam fringilla rhoncus.\n\nMauris enim leo, rhoncus sed, vestibulum sit amet, cursus id, turpis. Integer aliquet, massa id lobortis convallis, tortor risus dapibus augue, vel accumsan tellus nisi eu orci. Mauris lacinia sapien quis libero.\n\nNullam sit amet turpis elementum ligula vehicula consequat. Morbi a ipsum. Integer a nibh.','2020-05-12 00:00:00','2020-03-15 00:00:00'),(7,'odio porttitor id consequat in consequat ut nulla sed accumsan felis',7,'Fusce consequat. Nulla nisl. Nunc nisl.','2020-04-14 00:00:00','2019-09-17 00:00:00'),(8,'in congue etiam justo etiam pretium iaculis justo in hac habitasse platea dictumst etiam faucibus cursus',8,'Nullam porttitor lacus at turpis. Donec posuere metus vitae ipsum. Aliquam non mauris.\n\nMorbi non lectus. Aliquam sit amet diam in magna bibendum imperdiet. Nullam orci pede, venenatis non, sodales sed, tincidunt eu, felis.\n\nFusce posuere felis sed lacus. Morbi sem mauris, laoreet ut, rhoncus aliquet, pulvinar sed, nisl. Nunc rhoncus dui vel sem.','2020-03-23 00:00:00','2019-09-22 00:00:00'),(9,'id turpis integer aliquet massa id lobortis convallis tortor risus dapibus augue vel accumsan',9,'Duis consequat dui nec nisi volutpat eleifend. Donec ut dolor. Morbi vel lectus in quam fringilla rhoncus.\n\nMauris enim leo, rhoncus sed, vestibulum sit amet, cursus id, turpis. Integer aliquet, massa id lobortis convallis, tortor risus dapibus augue, vel accumsan tellus nisi eu orci. Mauris lacinia sapien quis libero.\n\nNullam sit amet turpis elementum ligula vehicula consequat. Morbi a ipsum. Integer a nibh.','2020-06-23 00:00:00','2019-12-10 00:00:00'),(10,'iaculis diam erat fermentum justo nec condimentum neque sapien placerat ante nulla justo aliquam quis turpis eget',10,'Duis bibendum. Morbi non quam nec dui luctus rutrum. Nulla tellus.\n\nIn sagittis dui vel nisl. Duis ac nibh. Fusce lacus purus, aliquet at, feugiat non, pretium quis, lectus.\n\nSuspendisse potenti. In eleifend quam a odio. In hac habitasse platea dictumst.','2019-09-14 00:00:00','2020-04-03 00:00:00'),(11,'porttitor id consequat in consequat ut nulla sed accumsan felis ut at dolor quis odio consequat varius',11,'Integer ac leo. Pellentesque ultrices mattis odio. Donec vitae nisi.\n\nNam ultrices, libero non mattis pulvinar, nulla pede ullamcorper augue, a suscipit nulla elit ac nulla. Sed vel enim sit amet nunc viverra dapibus. Nulla suscipit ligula in lacus.\n\nCurabitur at ipsum ac tellus semper interdum. Mauris ullamcorper purus sit amet nulla. Quisque arcu libero, rutrum ac, lobortis vel, dapibus at, diam.','2019-12-11 00:00:00','2020-02-16 00:00:00'),(12,'quam suspendisse potenti nullam porttitor lacus at turpis donec posuere metus vitae ipsum aliquam non',12,'Quisque id justo sit amet sapien dignissim vestibulum. Vestibulum ante ipsum primis in faucibus orci luctus et ultrices posuere cubilia Curae; Nulla dapibus dolor vel est. Donec odio justo, sollicitudin ut, suscipit a, feugiat et, eros.','2020-05-22 00:00:00','2020-04-03 00:00:00'),(13,'venenatis non sodales sed tincidunt eu felis fusce posuere felis sed lacus morbi sem',13,'Donec diam neque, vestibulum eget, vulputate ut, ultrices vel, augue. Vestibulum ante ipsum primis in faucibus orci luctus et ultrices posuere cubilia Curae; Donec pharetra, magna vestibulum aliquet ultrices, erat tortor sollicitudin mi, sit amet lobortis sapien sapien non mi. Integer ac neque.','2019-11-09 00:00:00','2019-12-21 00:00:00'),(14,'faucibus orci luctus et ultrices posuere cubilia curae donec pharetra magna vestibulum',14,'Fusce posuere felis sed lacus. Morbi sem mauris, laoreet ut, rhoncus aliquet, pulvinar sed, nisl. Nunc rhoncus dui vel sem.','2020-04-23 00:00:00','2020-07-04 00:00:00'),(15,'placerat praesent blandit nam nulla integer pede justo lacinia eget tincidunt eget tempus vel',15,'Vestibulum quam sapien, varius ut, blandit non, interdum in, ante. Vestibulum ante ipsum primis in faucibus orci luctus et ultrices posuere cubilia Curae; Duis faucibus accumsan odio. Curabitur convallis.','2020-02-20 00:00:00','2020-03-16 00:00:00'),(16,'volutpat in congue etiam justo etiam pretium iaculis justo in hac habitasse platea dictumst etiam faucibus cursus',16,'Curabitur in libero ut massa volutpat convallis. Morbi odio odio, elementum eu, interdum eu, tincidunt in, leo. Maecenas pulvinar lobortis est.\n\nPhasellus sit amet erat. Nulla tempus. Vivamus in felis eu sapien cursus vestibulum.','2019-10-04 00:00:00','2020-04-09 00:00:00'),(17,'nam congue risus semper porta volutpat quam pede lobortis ligula sit amet eleifend pede libero quis orci nullam molestie nibh',17,'Duis bibendum, felis sed interdum venenatis, turpis enim blandit mi, in porttitor pede justo eu massa. Donec dapibus. Duis at velit eu est congue elementum.\n\nIn hac habitasse platea dictumst. Morbi vestibulum, velit id pretium iaculis, diam erat fermentum justo, nec condimentum neque sapien placerat ante. Nulla justo.\n\nAliquam quis turpis eget elit sodales scelerisque. Mauris sit amet eros. Suspendisse accumsan tortor quis turpis.','2020-07-19 00:00:00','2019-08-11 00:00:00'),(18,'quis tortor id nulla ultrices aliquet maecenas leo odio condimentum id luctus nec',18,'Aenean lectus. Pellentesque eget nunc. Donec quis orci eget orci vehicula condimentum.\n\nCurabitur in libero ut massa volutpat convallis. Morbi odio odio, elementum eu, interdum eu, tincidunt in, leo. Maecenas pulvinar lobortis est.','2020-01-16 00:00:00','2020-07-04 00:00:00'),(19,'tempus sit amet sem fusce consequat nulla nisl nunc nisl duis bibendum felis sed interdum venenatis turpis enim blandit',19,'Proin leo odio, porttitor id, consequat in, consequat ut, nulla. Sed accumsan felis. Ut at dolor quis odio consequat varius.','2019-12-04 00:00:00','2020-01-29 00:00:00'),(20,'ipsum praesent blandit lacinia erat vestibulum sed magna at nunc commodo placerat',20,'Duis bibendum, felis sed interdum venenatis, turpis enim blandit mi, in porttitor pede justo eu massa. Donec dapibus. Duis at velit eu est congue elementum.','2019-10-23 00:00:00','2020-01-07 00:00:00'),(21,'orci vehicula condimentum curabitur in libero ut massa volutpat convallis',21,'Fusce posuere felis sed lacus. Morbi sem mauris, laoreet ut, rhoncus aliquet, pulvinar sed, nisl. Nunc rhoncus dui vel sem.\n\nSed sagittis. Nam congue, risus semper porta volutpat, quam pede lobortis ligula, sit amet eleifend pede libero quis orci. Nullam molestie nibh in lectus.','2020-07-10 00:00:00','2020-05-31 00:00:00'),(22,'bibendum felis sed interdum venenatis turpis enim blandit mi in porttitor pede justo eu massa donec dapibus',22,'Proin leo odio, porttitor id, consequat in, consequat ut, nulla. Sed accumsan felis. Ut at dolor quis odio consequat varius.','2019-10-11 00:00:00','2020-03-17 00:00:00'),(23,'non interdum in ante vestibulum ante ipsum primis in faucibus orci luctus et',23,'Aenean lectus. Pellentesque eget nunc. Donec quis orci eget orci vehicula condimentum.\n\nCurabitur in libero ut massa volutpat convallis. Morbi odio odio, elementum eu, interdum eu, tincidunt in, leo. Maecenas pulvinar lobortis est.\n\nPhasellus sit amet erat. Nulla tempus. Vivamus in felis eu sapien cursus vestibulum.','2020-07-12 00:00:00','2020-02-06 00:00:00'),(24,'gravida nisi at nibh in hac habitasse platea dictumst aliquam augue quam sollicitudin vitae',24,'Sed ante. Vivamus tortor. Duis mattis egestas metus.\n\nAenean fermentum. Donec ut mauris eget massa tempor convallis. Nulla neque libero, convallis eget, eleifend luctus, ultricies eu, nibh.','2019-11-03 00:00:00','2019-10-10 00:00:00'),(25,'mauris non ligula pellentesque ultrices phasellus id sapien in sapien iaculis congue vivamus metus',25,'Proin leo odio, porttitor id, consequat in, consequat ut, nulla. Sed accumsan felis. Ut at dolor quis odio consequat varius.\n\nInteger ac leo. Pellentesque ultrices mattis odio. Donec vitae nisi.\n\nNam ultrices, libero non mattis pulvinar, nulla pede ullamcorper augue, a suscipit nulla elit ac nulla. Sed vel enim sit amet nunc viverra dapibus. Nulla suscipit ligula in lacus.','2020-07-11 00:00:00','2020-02-02 00:00:00'),(26,'duis bibendum morbi non quam nec dui luctus rutrum nulla tellus in sagittis dui',26,'Morbi non lectus. Aliquam sit amet diam in magna bibendum imperdiet. Nullam orci pede, venenatis non, sodales sed, tincidunt eu, felis.\n\nFusce posuere felis sed lacus. Morbi sem mauris, laoreet ut, rhoncus aliquet, pulvinar sed, nisl. Nunc rhoncus dui vel sem.\n\nSed sagittis. Nam congue, risus semper porta volutpat, quam pede lobortis ligula, sit amet eleifend pede libero quis orci. Nullam molestie nibh in lectus.','2019-12-29 00:00:00','2020-01-03 00:00:00'),(27,'sit amet cursus id turpis integer aliquet massa id lobortis convallis tortor risus dapibus augue',27,'Proin eu mi. Nulla ac enim. In tempor, turpis nec euismod scelerisque, quam turpis adipiscing lorem, vitae mattis nibh ligula nec sem.\n\nDuis aliquam convallis nunc. Proin at turpis a pede posuere nonummy. Integer non velit.\n\nDonec diam neque, vestibulum eget, vulputate ut, ultrices vel, augue. Vestibulum ante ipsum primis in faucibus orci luctus et ultrices posuere cubilia Curae; Donec pharetra, magna vestibulum aliquet ultrices, erat tortor sollicitudin mi, sit amet lobortis sapien sapien non mi. Integer ac neque.','2020-06-28 00:00:00','2020-06-23 00:00:00'),(28,'molestie hendrerit at vulputate vitae nisl aenean lectus pellentesque eget nunc donec quis orci',28,'Duis bibendum, felis sed interdum venenatis, turpis enim blandit mi, in porttitor pede justo eu massa. Donec dapibus. Duis at velit eu est congue elementum.','2020-07-06 00:00:00','2020-05-14 00:00:00'),(29,'justo maecenas rhoncus aliquam lacus morbi quis tortor id nulla ultrices aliquet maecenas leo odio condimentum id luctus',29,'Praesent id massa id nisl venenatis lacinia. Aenean sit amet justo. Morbi ut odio.\n\nCras mi pede, malesuada in, imperdiet et, commodo vulputate, justo. In blandit ultrices enim. Lorem ipsum dolor sit amet, consectetuer adipiscing elit.\n\nProin interdum mauris non ligula pellentesque ultrices. Phasellus id sapien in sapien iaculis congue. Vivamus metus arcu, adipiscing molestie, hendrerit at, vulputate vitae, nisl.','2020-02-17 00:00:00','2020-04-03 00:00:00'),(30,'non velit donec diam neque vestibulum eget vulputate ut ultrices vel augue vestibulum',30,'Proin interdum mauris non ligula pellentesque ultrices. Phasellus id sapien in sapien iaculis congue. Vivamus metus arcu, adipiscing molestie, hendrerit at, vulputate vitae, nisl.\n\nAenean lectus. Pellentesque eget nunc. Donec quis orci eget orci vehicula condimentum.\n\nCurabitur in libero ut massa volutpat convallis. Morbi odio odio, elementum eu, interdum eu, tincidunt in, leo. Maecenas pulvinar lobortis est.','2019-11-28 00:00:00','2020-06-27 00:00:00'),(31,'rutrum at lorem integer tincidunt ante vel ipsum praesent blandit lacinia erat vestibulum sed magna at nunc commodo placerat',31,'Proin interdum mauris non ligula pellentesque ultrices. Phasellus id sapien in sapien iaculis congue. Vivamus metus arcu, adipiscing molestie, hendrerit at, vulputate vitae, nisl.','2020-04-15 00:00:00','2019-09-18 00:00:00'),(32,'posuere cubilia curae donec pharetra magna vestibulum aliquet ultrices erat tortor sollicitudin mi sit amet',32,'Maecenas ut massa quis augue luctus tincidunt. Nulla mollis molestie lorem. Quisque ut erat.\n\nCurabitur gravida nisi at nibh. In hac habitasse platea dictumst. Aliquam augue quam, sollicitudin vitae, consectetuer eget, rutrum at, lorem.','2020-04-20 00:00:00','2020-07-08 00:00:00'),(33,'lacinia sapien quis libero nullam sit amet turpis elementum ligula vehicula consequat morbi',33,'Aenean lectus. Pellentesque eget nunc. Donec quis orci eget orci vehicula condimentum.\n\nCurabitur in libero ut massa volutpat convallis. Morbi odio odio, elementum eu, interdum eu, tincidunt in, leo. Maecenas pulvinar lobortis est.','2019-10-28 00:00:00','2019-10-01 00:00:00'),(34,'quam suspendisse potenti nullam porttitor lacus at turpis donec posuere metus vitae ipsum aliquam non mauris morbi',34,'Fusce posuere felis sed lacus. Morbi sem mauris, laoreet ut, rhoncus aliquet, pulvinar sed, nisl. Nunc rhoncus dui vel sem.\n\nSed sagittis. Nam congue, risus semper porta volutpat, quam pede lobortis ligula, sit amet eleifend pede libero quis orci. Nullam molestie nibh in lectus.\n\nPellentesque at nulla. Suspendisse potenti. Cras in purus eu magna vulputate luctus.','2019-12-21 00:00:00','2020-07-22 00:00:00'),(35,'aliquet ultrices erat tortor sollicitudin mi sit amet lobortis sapien sapien non',35,'Duis bibendum. Morbi non quam nec dui luctus rutrum. Nulla tellus.\n\nIn sagittis dui vel nisl. Duis ac nibh. Fusce lacus purus, aliquet at, feugiat non, pretium quis, lectus.','2020-02-14 00:00:00','2020-02-14 00:00:00'),(36,'ante ipsum primis in faucibus orci luctus et ultrices posuere cubilia curae nulla dapibus dolor vel est donec odio',36,'Duis bibendum. Morbi non quam nec dui luctus rutrum. Nulla tellus.','2020-03-23 00:00:00','2020-01-06 00:00:00'),(37,'vestibulum sagittis sapien cum sociis natoque penatibus et magnis dis parturient montes',37,'Nullam porttitor lacus at turpis. Donec posuere metus vitae ipsum. Aliquam non mauris.','2020-03-01 00:00:00','2020-01-01 00:00:00'),(38,'sem fusce consequat nulla nisl nunc nisl duis bibendum felis sed interdum venenatis turpis enim blandit mi',38,'Sed ante. Vivamus tortor. Duis mattis egestas metus.','2020-07-15 00:00:00','2020-02-13 00:00:00'),(39,'id sapien in sapien iaculis congue vivamus metus arcu adipiscing molestie hendrerit at vulputate vitae nisl',39,'Duis consequat dui nec nisi volutpat eleifend. Donec ut dolor. Morbi vel lectus in quam fringilla rhoncus.','2020-05-21 00:00:00','2020-06-29 00:00:00'),(40,'cras pellentesque volutpat dui maecenas tristique est et tempus semper',40,'Nam ultrices, libero non mattis pulvinar, nulla pede ullamcorper augue, a suscipit nulla elit ac nulla. Sed vel enim sit amet nunc viverra dapibus. Nulla suscipit ligula in lacus.\n\nCurabitur at ipsum ac tellus semper interdum. Mauris ullamcorper purus sit amet nulla. Quisque arcu libero, rutrum ac, lobortis vel, dapibus at, diam.','2019-09-02 00:00:00','2020-05-28 00:00:00'),(41,'phasellus sit amet erat nulla tempus vivamus in felis eu sapien cursus vestibulum proin',41,'In hac habitasse platea dictumst. Etiam faucibus cursus urna. Ut tellus.','2020-01-26 00:00:00','2020-01-16 00:00:00'),(42,'vitae nisl aenean lectus pellentesque eget nunc donec quis orci eget orci vehicula condimentum curabitur in libero',42,'Duis bibendum. Morbi non quam nec dui luctus rutrum. Nulla tellus.\n\nIn sagittis dui vel nisl. Duis ac nibh. Fusce lacus purus, aliquet at, feugiat non, pretium quis, lectus.\n\nSuspendisse potenti. In eleifend quam a odio. In hac habitasse platea dictumst.','2020-05-06 00:00:00','2020-05-20 00:00:00'),(43,'quis turpis eget elit sodales scelerisque mauris sit amet eros suspendisse accumsan tortor quis turpis',43,'Maecenas tristique, est et tempus semper, est quam pharetra magna, ac consequat metus sapien ut nunc. Vestibulum ante ipsum primis in faucibus orci luctus et ultrices posuere cubilia Curae; Mauris viverra diam vitae quam. Suspendisse potenti.\n\nNullam porttitor lacus at turpis. Donec posuere metus vitae ipsum. Aliquam non mauris.','2019-09-30 00:00:00','2020-02-04 00:00:00'),(44,'phasellus sit amet erat nulla tempus vivamus in felis eu sapien cursus vestibulum proin eu mi nulla ac',44,'Phasellus sit amet erat. Nulla tempus. Vivamus in felis eu sapien cursus vestibulum.\n\nProin eu mi. Nulla ac enim. In tempor, turpis nec euismod scelerisque, quam turpis adipiscing lorem, vitae mattis nibh ligula nec sem.\n\nDuis aliquam convallis nunc. Proin at turpis a pede posuere nonummy. Integer non velit.','2019-08-23 00:00:00','2019-09-23 00:00:00'),(45,'blandit mi in porttitor pede justo eu massa donec dapibus',45,'Quisque id justo sit amet sapien dignissim vestibulum. Vestibulum ante ipsum primis in faucibus orci luctus et ultrices posuere cubilia Curae; Nulla dapibus dolor vel est. Donec odio justo, sollicitudin ut, suscipit a, feugiat et, eros.\n\nVestibulum ac est lacinia nisi venenatis tristique. Fusce congue, diam id ornare imperdiet, sapien urna pretium nisl, ut volutpat sapien arcu sed augue. Aliquam erat volutpat.\n\nIn congue. Etiam justo. Etiam pretium iaculis justo.','2019-12-23 00:00:00','2019-10-05 00:00:00'),(46,'aliquam augue quam sollicitudin vitae consectetuer eget rutrum at lorem integer tincidunt ante vel ipsum praesent',46,'Vestibulum ac est lacinia nisi venenatis tristique. Fusce congue, diam id ornare imperdiet, sapien urna pretium nisl, ut volutpat sapien arcu sed augue. Aliquam erat volutpat.\n\nIn congue. Etiam justo. Etiam pretium iaculis justo.','2020-01-05 00:00:00','2020-01-29 00:00:00'),(47,'vel sem sed sagittis nam congue risus semper porta volutpat quam pede lobortis ligula sit amet eleifend pede libero',47,'Pellentesque at nulla. Suspendisse potenti. Cras in purus eu magna vulputate luctus.','2019-10-19 00:00:00','2019-07-31 00:00:00'),(48,'et ultrices posuere cubilia curae nulla dapibus dolor vel est donec odio justo sollicitudin ut suscipit a feugiat et',48,'Lorem ipsum dolor sit amet, consectetuer adipiscing elit. Proin risus. Praesent lectus.','2020-06-01 00:00:00','2020-07-14 00:00:00'),(49,'justo nec condimentum neque sapien placerat ante nulla justo aliquam quis turpis eget elit sodales scelerisque mauris',49,'Proin leo odio, porttitor id, consequat in, consequat ut, nulla. Sed accumsan felis. Ut at dolor quis odio consequat varius.\n\nInteger ac leo. Pellentesque ultrices mattis odio. Donec vitae nisi.\n\nNam ultrices, libero non mattis pulvinar, nulla pede ullamcorper augue, a suscipit nulla elit ac nulla. Sed vel enim sit amet nunc viverra dapibus. Nulla suscipit ligula in lacus.','2020-05-16 00:00:00','2020-01-17 00:00:00'),(50,'orci luctus et ultrices posuere cubilia curae nulla dapibus dolor vel est donec odio justo sollicitudin ut',50,'Proin eu mi. Nulla ac enim. In tempor, turpis nec euismod scelerisque, quam turpis adipiscing lorem, vitae mattis nibh ligula nec sem.','2020-06-01 00:00:00','2020-03-27 00:00:00'),(51,'elementum nullam varius nulla facilisi cras non velit nec nisi vulputate nonummy maecenas tincidunt lacus at velit vivamus vel nulla',51,'Suspendisse potenti. In eleifend quam a odio. In hac habitasse platea dictumst.\n\nMaecenas ut massa quis augue luctus tincidunt. Nulla mollis molestie lorem. Quisque ut erat.','2020-07-01 00:00:00','2019-09-02 00:00:00'),(52,'nulla suspendisse potenti cras in purus eu magna vulputate luctus cum sociis natoque penatibus et magnis dis parturient',52,'In sagittis dui vel nisl. Duis ac nibh. Fusce lacus purus, aliquet at, feugiat non, pretium quis, lectus.','2020-02-01 00:00:00','2019-12-24 00:00:00'),(53,'ipsum dolor sit amet consectetuer adipiscing elit proin risus praesent lectus vestibulum quam sapien varius ut blandit',53,'Maecenas leo odio, condimentum id, luctus nec, molestie sed, justo. Pellentesque viverra pede ac diam. Cras pellentesque volutpat dui.\n\nMaecenas tristique, est et tempus semper, est quam pharetra magna, ac consequat metus sapien ut nunc. Vestibulum ante ipsum primis in faucibus orci luctus et ultrices posuere cubilia Curae; Mauris viverra diam vitae quam. Suspendisse potenti.\n\nNullam porttitor lacus at turpis. Donec posuere metus vitae ipsum. Aliquam non mauris.','2019-12-07 00:00:00','2020-01-08 00:00:00'),(54,'arcu libero rutrum ac lobortis vel dapibus at diam nam tristique tortor eu pede',54,'Duis consequat dui nec nisi volutpat eleifend. Donec ut dolor. Morbi vel lectus in quam fringilla rhoncus.\n\nMauris enim leo, rhoncus sed, vestibulum sit amet, cursus id, turpis. Integer aliquet, massa id lobortis convallis, tortor risus dapibus augue, vel accumsan tellus nisi eu orci. Mauris lacinia sapien quis libero.\n\nNullam sit amet turpis elementum ligula vehicula consequat. Morbi a ipsum. Integer a nibh.','2020-02-19 00:00:00','2019-12-26 00:00:00'),(55,'eros viverra eget congue eget semper rutrum nulla nunc purus phasellus in felis donec semper',55,'Maecenas leo odio, condimentum id, luctus nec, molestie sed, justo. Pellentesque viverra pede ac diam. Cras pellentesque volutpat dui.\n\nMaecenas tristique, est et tempus semper, est quam pharetra magna, ac consequat metus sapien ut nunc. Vestibulum ante ipsum primis in faucibus orci luctus et ultrices posuere cubilia Curae; Mauris viverra diam vitae quam. Suspendisse potenti.','2019-08-15 00:00:00','2020-07-01 00:00:00'),(56,'amet nunc viverra dapibus nulla suscipit ligula in lacus curabitur at ipsum ac tellus',56,'Mauris enim leo, rhoncus sed, vestibulum sit amet, cursus id, turpis. Integer aliquet, massa id lobortis convallis, tortor risus dapibus augue, vel accumsan tellus nisi eu orci. Mauris lacinia sapien quis libero.','2019-09-15 00:00:00','2019-10-27 00:00:00'),(57,'faucibus orci luctus et ultrices posuere cubilia curae nulla dapibus',57,'Etiam vel augue. Vestibulum rutrum rutrum neque. Aenean auctor gravida sem.\n\nPraesent id massa id nisl venenatis lacinia. Aenean sit amet justo. Morbi ut odio.','2020-04-14 00:00:00','2020-07-20 00:00:00'),(58,'quis orci eget orci vehicula condimentum curabitur in libero ut',58,'Duis consequat dui nec nisi volutpat eleifend. Donec ut dolor. Morbi vel lectus in quam fringilla rhoncus.','2019-08-24 00:00:00','2019-08-12 00:00:00'),(59,'sit amet sapien dignissim vestibulum vestibulum ante ipsum primis in faucibus',59,'Aenean lectus. Pellentesque eget nunc. Donec quis orci eget orci vehicula condimentum.','2020-03-12 00:00:00','2020-04-22 00:00:00'),(60,'rutrum at lorem integer tincidunt ante vel ipsum praesent blandit lacinia erat vestibulum',60,'In congue. Etiam justo. Etiam pretium iaculis justo.\n\nIn hac habitasse platea dictumst. Etiam faucibus cursus urna. Ut tellus.\n\nNulla ut erat id mauris vulputate elementum. Nullam varius. Nulla facilisi.','2020-06-27 00:00:00','2020-05-20 00:00:00'),(61,'varius integer ac leo pellentesque ultrices mattis odio donec vitae nisi nam ultrices libero non',61,'In sagittis dui vel nisl. Duis ac nibh. Fusce lacus purus, aliquet at, feugiat non, pretium quis, lectus.','2019-10-26 00:00:00','2019-12-20 00:00:00'),(62,'hac habitasse platea dictumst aliquam augue quam sollicitudin vitae consectetuer eget rutrum at lorem',62,'Duis bibendum. Morbi non quam nec dui luctus rutrum. Nulla tellus.\n\nIn sagittis dui vel nisl. Duis ac nibh. Fusce lacus purus, aliquet at, feugiat non, pretium quis, lectus.','2019-12-18 00:00:00','2020-07-06 00:00:00'),(63,'molestie nibh in lectus pellentesque at nulla suspendisse potenti cras in purus eu magna vulputate luctus cum sociis natoque penatibus',63,'In quis justo. Maecenas rhoncus aliquam lacus. Morbi quis tortor id nulla ultrices aliquet.\n\nMaecenas leo odio, condimentum id, luctus nec, molestie sed, justo. Pellentesque viverra pede ac diam. Cras pellentesque volutpat dui.\n\nMaecenas tristique, est et tempus semper, est quam pharetra magna, ac consequat metus sapien ut nunc. Vestibulum ante ipsum primis in faucibus orci luctus et ultrices posuere cubilia Curae; Mauris viverra diam vitae quam. Suspendisse potenti.','2020-07-07 00:00:00','2019-10-21 00:00:00'),(64,'mauris non ligula pellentesque ultrices phasellus id sapien in sapien iaculis congue vivamus',64,'In hac habitasse platea dictumst. Etiam faucibus cursus urna. Ut tellus.','2019-09-29 00:00:00','2020-03-10 00:00:00'),(65,'vel augue vestibulum ante ipsum primis in faucibus orci luctus et ultrices posuere',65,'Proin leo odio, porttitor id, consequat in, consequat ut, nulla. Sed accumsan felis. Ut at dolor quis odio consequat varius.','2020-01-06 00:00:00','2020-03-02 00:00:00'),(66,'blandit nam nulla integer pede justo lacinia eget tincidunt eget tempus vel pede morbi',66,'Lorem ipsum dolor sit amet, consectetuer adipiscing elit. Proin risus. Praesent lectus.','2020-01-04 00:00:00','2020-04-12 00:00:00'),(67,'dapibus nulla suscipit ligula in lacus curabitur at ipsum ac tellus semper interdum mauris ullamcorper purus sit amet nulla',67,'Integer tincidunt ante vel ipsum. Praesent blandit lacinia erat. Vestibulum sed magna at nunc commodo placerat.\n\nPraesent blandit. Nam nulla. Integer pede justo, lacinia eget, tincidunt eget, tempus vel, pede.\n\nMorbi porttitor lorem id ligula. Suspendisse ornare consequat lectus. In est risus, auctor sed, tristique in, tempus sit amet, sem.','2019-09-28 00:00:00','2019-09-06 00:00:00'),(68,'amet nunc viverra dapibus nulla suscipit ligula in lacus curabitur at ipsum ac tellus semper interdum mauris',68,'Maecenas leo odio, condimentum id, luctus nec, molestie sed, justo. Pellentesque viverra pede ac diam. Cras pellentesque volutpat dui.','2019-10-29 00:00:00','2020-05-14 00:00:00'),(69,'cras pellentesque volutpat dui maecenas tristique est et tempus semper est quam pharetra magna ac',69,'Phasellus sit amet erat. Nulla tempus. Vivamus in felis eu sapien cursus vestibulum.\n\nProin eu mi. Nulla ac enim. In tempor, turpis nec euismod scelerisque, quam turpis adipiscing lorem, vitae mattis nibh ligula nec sem.','2019-12-10 00:00:00','2020-02-01 00:00:00'),(70,'sagittis dui vel nisl duis ac nibh fusce lacus purus aliquet at',70,'Proin leo odio, porttitor id, consequat in, consequat ut, nulla. Sed accumsan felis. Ut at dolor quis odio consequat varius.','2020-04-13 00:00:00','2019-08-02 00:00:00'),(71,'vel lectus in quam fringilla rhoncus mauris enim leo rhoncus sed vestibulum sit amet',71,'Etiam vel augue. Vestibulum rutrum rutrum neque. Aenean auctor gravida sem.\n\nPraesent id massa id nisl venenatis lacinia. Aenean sit amet justo. Morbi ut odio.\n\nCras mi pede, malesuada in, imperdiet et, commodo vulputate, justo. In blandit ultrices enim. Lorem ipsum dolor sit amet, consectetuer adipiscing elit.','2020-02-01 00:00:00','2020-03-10 00:00:00'),(72,'blandit nam nulla integer pede justo lacinia eget tincidunt eget tempus vel pede morbi porttitor lorem',72,'Duis consequat dui nec nisi volutpat eleifend. Donec ut dolor. Morbi vel lectus in quam fringilla rhoncus.\n\nMauris enim leo, rhoncus sed, vestibulum sit amet, cursus id, turpis. Integer aliquet, massa id lobortis convallis, tortor risus dapibus augue, vel accumsan tellus nisi eu orci. Mauris lacinia sapien quis libero.','2019-11-11 00:00:00','2019-08-14 00:00:00'),(73,'a feugiat et eros vestibulum ac est lacinia nisi venenatis tristique fusce congue diam id ornare imperdiet sapien urna pretium',73,'Suspendisse potenti. In eleifend quam a odio. In hac habitasse platea dictumst.\n\nMaecenas ut massa quis augue luctus tincidunt. Nulla mollis molestie lorem. Quisque ut erat.\n\nCurabitur gravida nisi at nibh. In hac habitasse platea dictumst. Aliquam augue quam, sollicitudin vitae, consectetuer eget, rutrum at, lorem.','2019-10-24 00:00:00','2020-04-06 00:00:00'),(74,'id mauris vulputate elementum nullam varius nulla facilisi cras non velit nec nisi vulputate nonummy maecenas tincidunt lacus at',74,'Cum sociis natoque penatibus et magnis dis parturient montes, nascetur ridiculus mus. Vivamus vestibulum sagittis sapien. Cum sociis natoque penatibus et magnis dis parturient montes, nascetur ridiculus mus.\n\nEtiam vel augue. Vestibulum rutrum rutrum neque. Aenean auctor gravida sem.','2020-07-16 00:00:00','2020-06-16 00:00:00'),(75,'tempor turpis nec euismod scelerisque quam turpis adipiscing lorem vitae mattis nibh ligula nec sem duis aliquam convallis',75,'Integer tincidunt ante vel ipsum. Praesent blandit lacinia erat. Vestibulum sed magna at nunc commodo placerat.','2020-05-26 00:00:00','2019-09-09 00:00:00'),(76,'leo pellentesque ultrices mattis odio donec vitae nisi nam ultrices libero non mattis pulvinar nulla pede ullamcorper augue a',76,'Fusce posuere felis sed lacus. Morbi sem mauris, laoreet ut, rhoncus aliquet, pulvinar sed, nisl. Nunc rhoncus dui vel sem.\n\nSed sagittis. Nam congue, risus semper porta volutpat, quam pede lobortis ligula, sit amet eleifend pede libero quis orci. Nullam molestie nibh in lectus.','2020-07-23 00:00:00','2019-08-30 00:00:00'),(77,'posuere cubilia curae mauris viverra diam vitae quam suspendisse potenti nullam',77,'Pellentesque at nulla. Suspendisse potenti. Cras in purus eu magna vulputate luctus.','2020-06-14 00:00:00','2019-09-10 00:00:00'),(78,'lectus vestibulum quam sapien varius ut blandit non interdum in ante',78,'Pellentesque at nulla. Suspendisse potenti. Cras in purus eu magna vulputate luctus.\n\nCum sociis natoque penatibus et magnis dis parturient montes, nascetur ridiculus mus. Vivamus vestibulum sagittis sapien. Cum sociis natoque penatibus et magnis dis parturient montes, nascetur ridiculus mus.','2020-02-10 00:00:00','2019-11-05 00:00:00'),(79,'bibendum felis sed interdum venenatis turpis enim blandit mi in porttitor pede justo eu massa donec',79,'Aenean fermentum. Donec ut mauris eget massa tempor convallis. Nulla neque libero, convallis eget, eleifend luctus, ultricies eu, nibh.\n\nQuisque id justo sit amet sapien dignissim vestibulum. Vestibulum ante ipsum primis in faucibus orci luctus et ultrices posuere cubilia Curae; Nulla dapibus dolor vel est. Donec odio justo, sollicitudin ut, suscipit a, feugiat et, eros.','2019-09-04 00:00:00','2020-03-19 00:00:00'),(80,'felis sed lacus morbi sem mauris laoreet ut rhoncus aliquet pulvinar sed nisl nunc rhoncus dui vel sem',80,'Sed ante. Vivamus tortor. Duis mattis egestas metus.','2020-02-21 00:00:00','2019-09-27 00:00:00'),(81,'proin risus praesent lectus vestibulum quam sapien varius ut blandit',81,'Proin interdum mauris non ligula pellentesque ultrices. Phasellus id sapien in sapien iaculis congue. Vivamus metus arcu, adipiscing molestie, hendrerit at, vulputate vitae, nisl.','2019-10-06 00:00:00','2019-09-20 00:00:00'),(82,'placerat praesent blandit nam nulla integer pede justo lacinia eget tincidunt eget tempus vel pede morbi porttitor lorem id',82,'Nulla ut erat id mauris vulputate elementum. Nullam varius. Nulla facilisi.\n\nCras non velit nec nisi vulputate nonummy. Maecenas tincidunt lacus at velit. Vivamus vel nulla eget eros elementum pellentesque.','2019-08-19 00:00:00','2020-05-08 00:00:00'),(83,'suscipit a feugiat et eros vestibulum ac est lacinia nisi venenatis tristique',83,'Quisque porta volutpat erat. Quisque erat eros, viverra eget, congue eget, semper rutrum, nulla. Nunc purus.\n\nPhasellus in felis. Donec semper sapien a libero. Nam dui.','2020-02-27 00:00:00','2019-12-01 00:00:00'),(84,'amet sapien dignissim vestibulum vestibulum ante ipsum primis in faucibus orci luctus et ultrices posuere cubilia curae',84,'In congue. Etiam justo. Etiam pretium iaculis justo.\n\nIn hac habitasse platea dictumst. Etiam faucibus cursus urna. Ut tellus.\n\nNulla ut erat id mauris vulputate elementum. Nullam varius. Nulla facilisi.','2019-12-05 00:00:00','2020-05-05 00:00:00'),(85,'aliquet massa id lobortis convallis tortor risus dapibus augue vel',85,'Phasellus in felis. Donec semper sapien a libero. Nam dui.','2020-05-23 00:00:00','2019-10-06 00:00:00'),(86,'felis ut at dolor quis odio consequat varius integer ac leo pellentesque ultrices mattis odio donec vitae nisi nam ultrices',86,'Nullam porttitor lacus at turpis. Donec posuere metus vitae ipsum. Aliquam non mauris.\n\nMorbi non lectus. Aliquam sit amet diam in magna bibendum imperdiet. Nullam orci pede, venenatis non, sodales sed, tincidunt eu, felis.\n\nFusce posuere felis sed lacus. Morbi sem mauris, laoreet ut, rhoncus aliquet, pulvinar sed, nisl. Nunc rhoncus dui vel sem.','2019-08-27 00:00:00','2020-04-03 00:00:00'),(87,'fusce lacus purus aliquet at feugiat non pretium quis lectus suspendisse potenti in eleifend quam a',87,'In sagittis dui vel nisl. Duis ac nibh. Fusce lacus purus, aliquet at, feugiat non, pretium quis, lectus.\n\nSuspendisse potenti. In eleifend quam a odio. In hac habitasse platea dictumst.\n\nMaecenas ut massa quis augue luctus tincidunt. Nulla mollis molestie lorem. Quisque ut erat.','2019-08-31 00:00:00','2020-03-18 00:00:00'),(88,'sem duis aliquam convallis nunc proin at turpis a pede posuere nonummy integer non',88,'Phasellus in felis. Donec semper sapien a libero. Nam dui.\n\nProin leo odio, porttitor id, consequat in, consequat ut, nulla. Sed accumsan felis. Ut at dolor quis odio consequat varius.\n\nInteger ac leo. Pellentesque ultrices mattis odio. Donec vitae nisi.','2019-08-26 00:00:00','2019-12-05 00:00:00'),(89,'quisque erat eros viverra eget congue eget semper rutrum nulla nunc purus phasellus in felis donec semper',89,'Phasellus sit amet erat. Nulla tempus. Vivamus in felis eu sapien cursus vestibulum.\n\nProin eu mi. Nulla ac enim. In tempor, turpis nec euismod scelerisque, quam turpis adipiscing lorem, vitae mattis nibh ligula nec sem.','2020-05-31 00:00:00','2020-04-15 00:00:00'),(90,'id ornare imperdiet sapien urna pretium nisl ut volutpat sapien arcu sed',90,'In hac habitasse platea dictumst. Etiam faucibus cursus urna. Ut tellus.\n\nNulla ut erat id mauris vulputate elementum. Nullam varius. Nulla facilisi.\n\nCras non velit nec nisi vulputate nonummy. Maecenas tincidunt lacus at velit. Vivamus vel nulla eget eros elementum pellentesque.','2020-06-04 00:00:00','2020-05-30 00:00:00'),(91,'fringilla rhoncus mauris enim leo rhoncus sed vestibulum sit amet',91,'Duis bibendum, felis sed interdum venenatis, turpis enim blandit mi, in porttitor pede justo eu massa. Donec dapibus. Duis at velit eu est congue elementum.\n\nIn hac habitasse platea dictumst. Morbi vestibulum, velit id pretium iaculis, diam erat fermentum justo, nec condimentum neque sapien placerat ante. Nulla justo.','2020-02-24 00:00:00','2020-06-17 00:00:00'),(92,'morbi vestibulum velit id pretium iaculis diam erat fermentum justo nec condimentum neque sapien placerat ante nulla justo aliquam quis',92,'Fusce posuere felis sed lacus. Morbi sem mauris, laoreet ut, rhoncus aliquet, pulvinar sed, nisl. Nunc rhoncus dui vel sem.\n\nSed sagittis. Nam congue, risus semper porta volutpat, quam pede lobortis ligula, sit amet eleifend pede libero quis orci. Nullam molestie nibh in lectus.\n\nPellentesque at nulla. Suspendisse potenti. Cras in purus eu magna vulputate luctus.','2020-04-10 00:00:00','2019-09-08 00:00:00'),(93,'pulvinar nulla pede ullamcorper augue a suscipit nulla elit ac nulla sed vel enim sit amet nunc viverra dapibus nulla',93,'Quisque porta volutpat erat. Quisque erat eros, viverra eget, congue eget, semper rutrum, nulla. Nunc purus.\n\nPhasellus in felis. Donec semper sapien a libero. Nam dui.\n\nProin leo odio, porttitor id, consequat in, consequat ut, nulla. Sed accumsan felis. Ut at dolor quis odio consequat varius.','2020-01-15 00:00:00','2020-03-04 00:00:00'),(94,'at turpis a pede posuere nonummy integer non velit donec diam neque vestibulum eget vulputate ut ultrices vel augue',94,'Integer ac leo. Pellentesque ultrices mattis odio. Donec vitae nisi.\n\nNam ultrices, libero non mattis pulvinar, nulla pede ullamcorper augue, a suscipit nulla elit ac nulla. Sed vel enim sit amet nunc viverra dapibus. Nulla suscipit ligula in lacus.\n\nCurabitur at ipsum ac tellus semper interdum. Mauris ullamcorper purus sit amet nulla. Quisque arcu libero, rutrum ac, lobortis vel, dapibus at, diam.','2020-04-01 00:00:00','2019-09-23 00:00:00'),(95,'sollicitudin mi sit amet lobortis sapien sapien non mi integer ac neque duis',95,'Etiam vel augue. Vestibulum rutrum rutrum neque. Aenean auctor gravida sem.\n\nPraesent id massa id nisl venenatis lacinia. Aenean sit amet justo. Morbi ut odio.\n\nCras mi pede, malesuada in, imperdiet et, commodo vulputate, justo. In blandit ultrices enim. Lorem ipsum dolor sit amet, consectetuer adipiscing elit.','2019-08-02 00:00:00','2020-02-20 00:00:00'),(96,'donec ut mauris eget massa tempor convallis nulla neque libero',96,'Duis bibendum, felis sed interdum venenatis, turpis enim blandit mi, in porttitor pede justo eu massa. Donec dapibus. Duis at velit eu est congue elementum.\n\nIn hac habitasse platea dictumst. Morbi vestibulum, velit id pretium iaculis, diam erat fermentum justo, nec condimentum neque sapien placerat ante. Nulla justo.','2020-03-09 00:00:00','2020-02-07 00:00:00'),(97,'sed nisl nunc rhoncus dui vel sem sed sagittis nam congue risus semper porta volutpat quam pede lobortis ligula',97,'Cras mi pede, malesuada in, imperdiet et, commodo vulputate, justo. In blandit ultrices enim. Lorem ipsum dolor sit amet, consectetuer adipiscing elit.','2020-07-10 00:00:00','2020-02-16 00:00:00'),(98,'molestie lorem quisque ut erat curabitur gravida nisi at nibh in hac habitasse platea dictumst aliquam augue',98,'Vestibulum ac est lacinia nisi venenatis tristique. Fusce congue, diam id ornare imperdiet, sapien urna pretium nisl, ut volutpat sapien arcu sed augue. Aliquam erat volutpat.','2020-07-11 00:00:00','2019-08-28 00:00:00'),(99,'fringilla rhoncus mauris enim leo rhoncus sed vestibulum sit amet cursus id turpis integer aliquet massa',99,'Morbi porttitor lorem id ligula. Suspendisse ornare consequat lectus. In est risus, auctor sed, tristique in, tempus sit amet, sem.','2020-06-08 00:00:00','2019-08-17 00:00:00'),(100,'imperdiet nullam orci pede venenatis non sodales sed tincidunt eu felis fusce posuere felis sed lacus',100,'Praesent blandit. Nam nulla. Integer pede justo, lacinia eget, tincidunt eget, tempus vel, pede.\n\nMorbi porttitor lorem id ligula. Suspendisse ornare consequat lectus. In est risus, auctor sed, tristique in, tempus sit amet, sem.','2019-08-19 00:00:00','2020-06-13 00:00:00');
/*!40000 ALTER TABLE `photo` ENABLE KEYS */;
UNLOCK TABLES;

--
-- Table structure for table `posts`
--

DROP TABLE IF EXISTS `posts`;
/*!40101 SET @saved_cs_client     = @@character_set_client */;
/*!50503 SET character_set_client = utf8mb4 */;
CREATE TABLE `posts` (
  `id` bigint unsigned NOT NULL AUTO_INCREMENT,
  `user_id` bigint unsigned NOT NULL,
  `body` text,
  `attachments` json DEFAULT NULL,
  `metadata` json DEFAULT NULL,
  `created_at` datetime DEFAULT CURRENT_TIMESTAMP,
  `updated_at` datetime DEFAULT CURRENT_TIMESTAMP ON UPDATE CURRENT_TIMESTAMP,
  PRIMARY KEY (`id`),
  UNIQUE KEY `id` (`id`),
  KEY `user_id` (`user_id`),
  CONSTRAINT `posts_ibfk_1` FOREIGN KEY (`user_id`) REFERENCES `users` (`id`)
) ENGINE=InnoDB AUTO_INCREMENT=101 DEFAULT CHARSET=utf8mb4 COLLATE=utf8mb4_0900_ai_ci;
/*!40101 SET character_set_client = @saved_cs_client */;

--
-- Dumping data for table `posts`
--

LOCK TABLES `posts` WRITE;
/*!40000 ALTER TABLE `posts` DISABLE KEYS */;
INSERT INTO `posts` VALUES (1,1,'Praesent blandit. Nam nulla. Integer pede justo, lacinia eget, tincidunt eget, tempus vel, pede.\n\nMorbi porttitor lorem id ligula. Suspendisse ornare consequat lectus. In est risus, auctor sed, tristique in, tempus sit amet, sem.','[{}, {}, {}]','[{}, {}, {}, {}, {}]','2020-04-18 00:00:00','2020-03-20 00:00:00'),(2,2,'Quisque porta volutpat erat. Quisque erat eros, viverra eget, congue eget, semper rutrum, nulla. Nunc purus.\n\nPhasellus in felis. Donec semper sapien a libero. Nam dui.\n\nProin leo odio, porttitor id, consequat in, consequat ut, nulla. Sed accumsan felis. Ut at dolor quis odio consequat varius.','[{}, {}, {}, {}, {}]','[{}, {}, {}, {}]','2019-08-12 00:00:00','2020-07-05 00:00:00'),(3,3,'Proin eu mi. Nulla ac enim. In tempor, turpis nec euismod scelerisque, quam turpis adipiscing lorem, vitae mattis nibh ligula nec sem.','[{}, {}]','[{}]','2020-03-01 00:00:00','2020-07-04 00:00:00'),(4,4,'In congue. Etiam justo. Etiam pretium iaculis justo.','[{}, {}, {}, {}, {}]','[{}]','2020-03-09 00:00:00','2020-04-17 00:00:00'),(5,5,'Praesent id massa id nisl venenatis lacinia. Aenean sit amet justo. Morbi ut odio.','[{}]','[{}, {}]','2019-12-28 00:00:00','2019-08-13 00:00:00'),(6,6,'Nam ultrices, libero non mattis pulvinar, nulla pede ullamcorper augue, a suscipit nulla elit ac nulla. Sed vel enim sit amet nunc viverra dapibus. Nulla suscipit ligula in lacus.\n\nCurabitur at ipsum ac tellus semper interdum. Mauris ullamcorper purus sit amet nulla. Quisque arcu libero, rutrum ac, lobortis vel, dapibus at, diam.','[{}]','[{}, {}, {}]','2019-12-12 00:00:00','2019-11-08 00:00:00'),(7,7,'Sed sagittis. Nam congue, risus semper porta volutpat, quam pede lobortis ligula, sit amet eleifend pede libero quis orci. Nullam molestie nibh in lectus.\n\nPellentesque at nulla. Suspendisse potenti. Cras in purus eu magna vulputate luctus.\n\nCum sociis natoque penatibus et magnis dis parturient montes, nascetur ridiculus mus. Vivamus vestibulum sagittis sapien. Cum sociis natoque penatibus et magnis dis parturient montes, nascetur ridiculus mus.','[{}, {}, {}, {}, {}]','[{}, {}, {}, {}]','2020-03-17 00:00:00','2020-03-20 00:00:00'),(8,8,'Aenean lectus. Pellentesque eget nunc. Donec quis orci eget orci vehicula condimentum.','[{}, {}]','[{}, {}, {}]','2020-03-01 00:00:00','2019-12-04 00:00:00'),(9,9,'Aliquam quis turpis eget elit sodales scelerisque. Mauris sit amet eros. Suspendisse accumsan tortor quis turpis.','[{}, {}, {}, {}, {}]','[{}, {}, {}, {}, {}]','2020-07-10 00:00:00','2020-07-18 00:00:00'),(10,10,'Quisque porta volutpat erat. Quisque erat eros, viverra eget, congue eget, semper rutrum, nulla. Nunc purus.','[{}, {}, {}, {}, {}]','[{}]','2020-03-11 00:00:00','2019-11-11 00:00:00'),(11,11,'Maecenas tristique, est et tempus semper, est quam pharetra magna, ac consequat metus sapien ut nunc. Vestibulum ante ipsum primis in faucibus orci luctus et ultrices posuere cubilia Curae; Mauris viverra diam vitae quam. Suspendisse potenti.\n\nNullam porttitor lacus at turpis. Donec posuere metus vitae ipsum. Aliquam non mauris.','[{}, {}, {}]','[{}]','2020-03-23 00:00:00','2020-02-27 00:00:00'),(12,12,'Cum sociis natoque penatibus et magnis dis parturient montes, nascetur ridiculus mus. Vivamus vestibulum sagittis sapien. Cum sociis natoque penatibus et magnis dis parturient montes, nascetur ridiculus mus.\n\nEtiam vel augue. Vestibulum rutrum rutrum neque. Aenean auctor gravida sem.\n\nPraesent id massa id nisl venenatis lacinia. Aenean sit amet justo. Morbi ut odio.','[{}, {}, {}, {}]','[{}, {}]','2020-02-27 00:00:00','2020-04-10 00:00:00'),(13,13,'Fusce posuere felis sed lacus. Morbi sem mauris, laoreet ut, rhoncus aliquet, pulvinar sed, nisl. Nunc rhoncus dui vel sem.','[{}]','[{}]','2019-08-13 00:00:00','2019-09-16 00:00:00'),(14,14,'Integer ac leo. Pellentesque ultrices mattis odio. Donec vitae nisi.','[{}, {}]','[{}, {}, {}, {}]','2020-05-04 00:00:00','2020-06-15 00:00:00'),(15,15,'Praesent blandit. Nam nulla. Integer pede justo, lacinia eget, tincidunt eget, tempus vel, pede.\n\nMorbi porttitor lorem id ligula. Suspendisse ornare consequat lectus. In est risus, auctor sed, tristique in, tempus sit amet, sem.\n\nFusce consequat. Nulla nisl. Nunc nisl.','[{}, {}]','[{}, {}, {}, {}]','2020-02-17 00:00:00','2020-02-27 00:00:00'),(16,16,'Duis consequat dui nec nisi volutpat eleifend. Donec ut dolor. Morbi vel lectus in quam fringilla rhoncus.\n\nMauris enim leo, rhoncus sed, vestibulum sit amet, cursus id, turpis. Integer aliquet, massa id lobortis convallis, tortor risus dapibus augue, vel accumsan tellus nisi eu orci. Mauris lacinia sapien quis libero.\n\nNullam sit amet turpis elementum ligula vehicula consequat. Morbi a ipsum. Integer a nibh.','[{}, {}, {}]','[{}, {}, {}, {}]','2020-02-07 00:00:00','2020-04-04 00:00:00'),(17,17,'Phasellus sit amet erat. Nulla tempus. Vivamus in felis eu sapien cursus vestibulum.\n\nProin eu mi. Nulla ac enim. In tempor, turpis nec euismod scelerisque, quam turpis adipiscing lorem, vitae mattis nibh ligula nec sem.\n\nDuis aliquam convallis nunc. Proin at turpis a pede posuere nonummy. Integer non velit.','[{}]','[{}, {}, {}, {}, {}]','2019-11-12 00:00:00','2019-07-29 00:00:00'),(18,18,'Suspendisse potenti. In eleifend quam a odio. In hac habitasse platea dictumst.','[{}, {}, {}]','[{}, {}]','2019-11-06 00:00:00','2020-03-23 00:00:00'),(19,19,'Integer tincidunt ante vel ipsum. Praesent blandit lacinia erat. Vestibulum sed magna at nunc commodo placerat.','[{}, {}, {}, {}, {}]','[{}]','2019-10-27 00:00:00','2019-09-09 00:00:00'),(20,20,'Duis bibendum. Morbi non quam nec dui luctus rutrum. Nulla tellus.\n\nIn sagittis dui vel nisl. Duis ac nibh. Fusce lacus purus, aliquet at, feugiat non, pretium quis, lectus.\n\nSuspendisse potenti. In eleifend quam a odio. In hac habitasse platea dictumst.','[{}, {}, {}, {}]','[{}, {}, {}]','2020-03-28 00:00:00','2020-05-22 00:00:00'),(21,21,'In hac habitasse platea dictumst. Etiam faucibus cursus urna. Ut tellus.','[{}, {}, {}]','[{}, {}, {}, {}]','2019-08-09 00:00:00','2020-04-26 00:00:00'),(22,22,'Integer tincidunt ante vel ipsum. Praesent blandit lacinia erat. Vestibulum sed magna at nunc commodo placerat.\n\nPraesent blandit. Nam nulla. Integer pede justo, lacinia eget, tincidunt eget, tempus vel, pede.\n\nMorbi porttitor lorem id ligula. Suspendisse ornare consequat lectus. In est risus, auctor sed, tristique in, tempus sit amet, sem.','[{}, {}, {}, {}, {}]','[{}, {}, {}, {}]','2020-03-25 00:00:00','2020-03-06 00:00:00'),(23,23,'Quisque id justo sit amet sapien dignissim vestibulum. Vestibulum ante ipsum primis in faucibus orci luctus et ultrices posuere cubilia Curae; Nulla dapibus dolor vel est. Donec odio justo, sollicitudin ut, suscipit a, feugiat et, eros.','[{}, {}, {}, {}, {}]','[{}, {}]','2019-07-25 00:00:00','2019-11-16 00:00:00'),(24,24,'Vestibulum quam sapien, varius ut, blandit non, interdum in, ante. Vestibulum ante ipsum primis in faucibus orci luctus et ultrices posuere cubilia Curae; Duis faucibus accumsan odio. Curabitur convallis.\n\nDuis consequat dui nec nisi volutpat eleifend. Donec ut dolor. Morbi vel lectus in quam fringilla rhoncus.','[{}, {}, {}]','[{}]','2020-05-07 00:00:00','2020-03-13 00:00:00'),(25,25,'Cras non velit nec nisi vulputate nonummy. Maecenas tincidunt lacus at velit. Vivamus vel nulla eget eros elementum pellentesque.','[{}]','[{}, {}, {}, {}, {}]','2020-07-06 00:00:00','2020-04-18 00:00:00'),(26,26,'Proin eu mi. Nulla ac enim. In tempor, turpis nec euismod scelerisque, quam turpis adipiscing lorem, vitae mattis nibh ligula nec sem.\n\nDuis aliquam convallis nunc. Proin at turpis a pede posuere nonummy. Integer non velit.','[{}, {}, {}, {}]','[{}, {}, {}]','2020-01-25 00:00:00','2020-01-31 00:00:00'),(27,27,'Nullam sit amet turpis elementum ligula vehicula consequat. Morbi a ipsum. Integer a nibh.\n\nIn quis justo. Maecenas rhoncus aliquam lacus. Morbi quis tortor id nulla ultrices aliquet.\n\nMaecenas leo odio, condimentum id, luctus nec, molestie sed, justo. Pellentesque viverra pede ac diam. Cras pellentesque volutpat dui.','[{}, {}, {}]','[{}, {}]','2019-09-17 00:00:00','2019-09-11 00:00:00'),(28,28,'Cras non velit nec nisi vulputate nonummy. Maecenas tincidunt lacus at velit. Vivamus vel nulla eget eros elementum pellentesque.\n\nQuisque porta volutpat erat. Quisque erat eros, viverra eget, congue eget, semper rutrum, nulla. Nunc purus.','[{}, {}]','[{}, {}]','2020-07-20 00:00:00','2020-04-11 00:00:00'),(29,29,'Fusce posuere felis sed lacus. Morbi sem mauris, laoreet ut, rhoncus aliquet, pulvinar sed, nisl. Nunc rhoncus dui vel sem.','[{}, {}]','[{}, {}, {}, {}, {}]','2020-05-01 00:00:00','2020-04-20 00:00:00'),(30,30,'Proin eu mi. Nulla ac enim. In tempor, turpis nec euismod scelerisque, quam turpis adipiscing lorem, vitae mattis nibh ligula nec sem.','[{}, {}]','[{}, {}, {}, {}]','2019-08-23 00:00:00','2020-03-09 00:00:00'),(31,31,'Duis aliquam convallis nunc. Proin at turpis a pede posuere nonummy. Integer non velit.\n\nDonec diam neque, vestibulum eget, vulputate ut, ultrices vel, augue. Vestibulum ante ipsum primis in faucibus orci luctus et ultrices posuere cubilia Curae; Donec pharetra, magna vestibulum aliquet ultrices, erat tortor sollicitudin mi, sit amet lobortis sapien sapien non mi. Integer ac neque.\n\nDuis bibendum. Morbi non quam nec dui luctus rutrum. Nulla tellus.','[{}, {}, {}, {}, {}]','[{}]','2020-03-23 00:00:00','2019-09-20 00:00:00'),(32,32,'Duis consequat dui nec nisi volutpat eleifend. Donec ut dolor. Morbi vel lectus in quam fringilla rhoncus.\n\nMauris enim leo, rhoncus sed, vestibulum sit amet, cursus id, turpis. Integer aliquet, massa id lobortis convallis, tortor risus dapibus augue, vel accumsan tellus nisi eu orci. Mauris lacinia sapien quis libero.','[{}]','[{}, {}, {}, {}]','2020-05-10 00:00:00','2019-07-26 00:00:00'),(33,33,'Curabitur in libero ut massa volutpat convallis. Morbi odio odio, elementum eu, interdum eu, tincidunt in, leo. Maecenas pulvinar lobortis est.\n\nPhasellus sit amet erat. Nulla tempus. Vivamus in felis eu sapien cursus vestibulum.\n\nProin eu mi. Nulla ac enim. In tempor, turpis nec euismod scelerisque, quam turpis adipiscing lorem, vitae mattis nibh ligula nec sem.','[{}]','[{}, {}]','2019-12-07 00:00:00','2020-07-17 00:00:00'),(34,34,'Sed ante. Vivamus tortor. Duis mattis egestas metus.\n\nAenean fermentum. Donec ut mauris eget massa tempor convallis. Nulla neque libero, convallis eget, eleifend luctus, ultricies eu, nibh.','[{}, {}, {}]','[{}, {}, {}, {}]','2019-09-05 00:00:00','2020-04-19 00:00:00'),(35,35,'Maecenas leo odio, condimentum id, luctus nec, molestie sed, justo. Pellentesque viverra pede ac diam. Cras pellentesque volutpat dui.\n\nMaecenas tristique, est et tempus semper, est quam pharetra magna, ac consequat metus sapien ut nunc. Vestibulum ante ipsum primis in faucibus orci luctus et ultrices posuere cubilia Curae; Mauris viverra diam vitae quam. Suspendisse potenti.\n\nNullam porttitor lacus at turpis. Donec posuere metus vitae ipsum. Aliquam non mauris.','[{}, {}, {}, {}]','[{}, {}, {}]','2019-08-04 00:00:00','2019-09-09 00:00:00'),(36,36,'Proin eu mi. Nulla ac enim. In tempor, turpis nec euismod scelerisque, quam turpis adipiscing lorem, vitae mattis nibh ligula nec sem.','[{}, {}, {}, {}]','[{}, {}, {}, {}, {}]','2019-12-17 00:00:00','2020-06-29 00:00:00'),(37,37,'Duis consequat dui nec nisi volutpat eleifend. Donec ut dolor. Morbi vel lectus in quam fringilla rhoncus.','[{}, {}, {}]','[{}, {}, {}, {}]','2019-09-21 00:00:00','2019-12-18 00:00:00'),(38,38,'Nullam sit amet turpis elementum ligula vehicula consequat. Morbi a ipsum. Integer a nibh.','[{}, {}, {}]','[{}]','2020-07-16 00:00:00','2019-11-28 00:00:00'),(39,39,'Cum sociis natoque penatibus et magnis dis parturient montes, nascetur ridiculus mus. Vivamus vestibulum sagittis sapien. Cum sociis natoque penatibus et magnis dis parturient montes, nascetur ridiculus mus.\n\nEtiam vel augue. Vestibulum rutrum rutrum neque. Aenean auctor gravida sem.\n\nPraesent id massa id nisl venenatis lacinia. Aenean sit amet justo. Morbi ut odio.','[{}, {}, {}, {}, {}]','[{}, {}, {}, {}, {}]','2020-07-24 00:00:00','2020-02-05 00:00:00'),(40,40,'In hac habitasse platea dictumst. Morbi vestibulum, velit id pretium iaculis, diam erat fermentum justo, nec condimentum neque sapien placerat ante. Nulla justo.','[{}]','[{}, {}, {}, {}, {}]','2019-08-03 00:00:00','2020-02-23 00:00:00'),(41,41,'Integer tincidunt ante vel ipsum. Praesent blandit lacinia erat. Vestibulum sed magna at nunc commodo placerat.','[{}, {}, {}, {}]','[{}, {}, {}, {}, {}]','2020-04-29 00:00:00','2020-07-16 00:00:00'),(42,42,'Etiam vel augue. Vestibulum rutrum rutrum neque. Aenean auctor gravida sem.\n\nPraesent id massa id nisl venenatis lacinia. Aenean sit amet justo. Morbi ut odio.\n\nCras mi pede, malesuada in, imperdiet et, commodo vulputate, justo. In blandit ultrices enim. Lorem ipsum dolor sit amet, consectetuer adipiscing elit.','[{}, {}, {}]','[{}, {}, {}, {}]','2020-05-11 00:00:00','2020-01-30 00:00:00'),(43,43,'Phasellus sit amet erat. Nulla tempus. Vivamus in felis eu sapien cursus vestibulum.\n\nProin eu mi. Nulla ac enim. In tempor, turpis nec euismod scelerisque, quam turpis adipiscing lorem, vitae mattis nibh ligula nec sem.','[{}, {}, {}, {}, {}]','[{}, {}]','2019-11-27 00:00:00','2020-01-26 00:00:00'),(44,44,'Praesent id massa id nisl venenatis lacinia. Aenean sit amet justo. Morbi ut odio.','[{}, {}, {}, {}, {}]','[{}]','2019-08-11 00:00:00','2020-05-11 00:00:00'),(45,45,'Cum sociis natoque penatibus et magnis dis parturient montes, nascetur ridiculus mus. Vivamus vestibulum sagittis sapien. Cum sociis natoque penatibus et magnis dis parturient montes, nascetur ridiculus mus.\n\nEtiam vel augue. Vestibulum rutrum rutrum neque. Aenean auctor gravida sem.\n\nPraesent id massa id nisl venenatis lacinia. Aenean sit amet justo. Morbi ut odio.','[{}, {}, {}]','[{}, {}, {}, {}]','2020-04-05 00:00:00','2020-07-24 00:00:00'),(46,46,'In congue. Etiam justo. Etiam pretium iaculis justo.\n\nIn hac habitasse platea dictumst. Etiam faucibus cursus urna. Ut tellus.','[{}, {}, {}, {}, {}]','[{}, {}, {}, {}, {}]','2019-10-15 00:00:00','2020-02-03 00:00:00'),(47,47,'Etiam vel augue. Vestibulum rutrum rutrum neque. Aenean auctor gravida sem.','[{}, {}]','[{}]','2020-05-23 00:00:00','2019-08-08 00:00:00'),(48,48,'In hac habitasse platea dictumst. Morbi vestibulum, velit id pretium iaculis, diam erat fermentum justo, nec condimentum neque sapien placerat ante. Nulla justo.\n\nAliquam quis turpis eget elit sodales scelerisque. Mauris sit amet eros. Suspendisse accumsan tortor quis turpis.\n\nSed ante. Vivamus tortor. Duis mattis egestas metus.','[{}, {}, {}]','[{}, {}, {}, {}, {}]','2020-04-15 00:00:00','2020-03-20 00:00:00'),(49,49,'Nullam sit amet turpis elementum ligula vehicula consequat. Morbi a ipsum. Integer a nibh.\n\nIn quis justo. Maecenas rhoncus aliquam lacus. Morbi quis tortor id nulla ultrices aliquet.','[{}]','[{}, {}, {}, {}, {}]','2019-08-23 00:00:00','2019-11-26 00:00:00'),(50,50,'Aenean fermentum. Donec ut mauris eget massa tempor convallis. Nulla neque libero, convallis eget, eleifend luctus, ultricies eu, nibh.\n\nQuisque id justo sit amet sapien dignissim vestibulum. Vestibulum ante ipsum primis in faucibus orci luctus et ultrices posuere cubilia Curae; Nulla dapibus dolor vel est. Donec odio justo, sollicitudin ut, suscipit a, feugiat et, eros.\n\nVestibulum ac est lacinia nisi venenatis tristique. Fusce congue, diam id ornare imperdiet, sapien urna pretium nisl, ut volutpat sapien arcu sed augue. Aliquam erat volutpat.','[{}, {}]','[{}, {}, {}, {}]','2019-11-17 00:00:00','2020-02-13 00:00:00'),(51,51,'In hac habitasse platea dictumst. Morbi vestibulum, velit id pretium iaculis, diam erat fermentum justo, nec condimentum neque sapien placerat ante. Nulla justo.\n\nAliquam quis turpis eget elit sodales scelerisque. Mauris sit amet eros. Suspendisse accumsan tortor quis turpis.\n\nSed ante. Vivamus tortor. Duis mattis egestas metus.','[{}, {}, {}, {}]','[{}, {}, {}, {}]','2020-06-27 00:00:00','2020-03-01 00:00:00'),(52,52,'Maecenas tristique, est et tempus semper, est quam pharetra magna, ac consequat metus sapien ut nunc. Vestibulum ante ipsum primis in faucibus orci luctus et ultrices posuere cubilia Curae; Mauris viverra diam vitae quam. Suspendisse potenti.','[{}, {}]','[{}, {}, {}, {}]','2019-08-01 00:00:00','2020-02-14 00:00:00'),(53,53,'In sagittis dui vel nisl. Duis ac nibh. Fusce lacus purus, aliquet at, feugiat non, pretium quis, lectus.','[{}]','[{}, {}]','2019-09-09 00:00:00','2020-01-31 00:00:00'),(54,54,'Quisque porta volutpat erat. Quisque erat eros, viverra eget, congue eget, semper rutrum, nulla. Nunc purus.','[{}, {}, {}, {}, {}]','[{}, {}, {}, {}, {}]','2020-01-28 00:00:00','2019-10-19 00:00:00'),(55,55,'Nullam porttitor lacus at turpis. Donec posuere metus vitae ipsum. Aliquam non mauris.\n\nMorbi non lectus. Aliquam sit amet diam in magna bibendum imperdiet. Nullam orci pede, venenatis non, sodales sed, tincidunt eu, felis.\n\nFusce posuere felis sed lacus. Morbi sem mauris, laoreet ut, rhoncus aliquet, pulvinar sed, nisl. Nunc rhoncus dui vel sem.','[{}, {}, {}, {}, {}]','[{}, {}, {}, {}]','2019-10-03 00:00:00','2020-01-17 00:00:00'),(56,56,'Phasellus sit amet erat. Nulla tempus. Vivamus in felis eu sapien cursus vestibulum.','[{}]','[{}, {}, {}, {}]','2020-01-13 00:00:00','2019-12-27 00:00:00'),(57,57,'Quisque porta volutpat erat. Quisque erat eros, viverra eget, congue eget, semper rutrum, nulla. Nunc purus.','[{}]','[{}, {}, {}]','2020-02-07 00:00:00','2020-02-12 00:00:00'),(58,58,'Fusce posuere felis sed lacus. Morbi sem mauris, laoreet ut, rhoncus aliquet, pulvinar sed, nisl. Nunc rhoncus dui vel sem.\n\nSed sagittis. Nam congue, risus semper porta volutpat, quam pede lobortis ligula, sit amet eleifend pede libero quis orci. Nullam molestie nibh in lectus.','[{}, {}, {}, {}]','[{}, {}, {}, {}]','2020-06-03 00:00:00','2019-11-09 00:00:00'),(59,59,'Aenean lectus. Pellentesque eget nunc. Donec quis orci eget orci vehicula condimentum.\n\nCurabitur in libero ut massa volutpat convallis. Morbi odio odio, elementum eu, interdum eu, tincidunt in, leo. Maecenas pulvinar lobortis est.\n\nPhasellus sit amet erat. Nulla tempus. Vivamus in felis eu sapien cursus vestibulum.','[{}, {}]','[{}, {}, {}]','2020-05-28 00:00:00','2020-02-07 00:00:00'),(60,60,'Fusce consequat. Nulla nisl. Nunc nisl.\n\nDuis bibendum, felis sed interdum venenatis, turpis enim blandit mi, in porttitor pede justo eu massa. Donec dapibus. Duis at velit eu est congue elementum.','[{}, {}, {}, {}]','[{}, {}, {}]','2019-08-14 00:00:00','2020-04-03 00:00:00'),(61,61,'Aenean lectus. Pellentesque eget nunc. Donec quis orci eget orci vehicula condimentum.\n\nCurabitur in libero ut massa volutpat convallis. Morbi odio odio, elementum eu, interdum eu, tincidunt in, leo. Maecenas pulvinar lobortis est.','[{}, {}, {}]','[{}]','2019-08-20 00:00:00','2019-12-23 00:00:00'),(62,62,'Maecenas ut massa quis augue luctus tincidunt. Nulla mollis molestie lorem. Quisque ut erat.\n\nCurabitur gravida nisi at nibh. In hac habitasse platea dictumst. Aliquam augue quam, sollicitudin vitae, consectetuer eget, rutrum at, lorem.','[{}, {}, {}]','[{}, {}, {}, {}, {}]','2020-06-18 00:00:00','2019-09-29 00:00:00'),(63,63,'Cras non velit nec nisi vulputate nonummy. Maecenas tincidunt lacus at velit. Vivamus vel nulla eget eros elementum pellentesque.\n\nQuisque porta volutpat erat. Quisque erat eros, viverra eget, congue eget, semper rutrum, nulla. Nunc purus.','[{}, {}]','[{}]','2019-12-27 00:00:00','2020-04-14 00:00:00'),(64,64,'Duis consequat dui nec nisi volutpat eleifend. Donec ut dolor. Morbi vel lectus in quam fringilla rhoncus.\n\nMauris enim leo, rhoncus sed, vestibulum sit amet, cursus id, turpis. Integer aliquet, massa id lobortis convallis, tortor risus dapibus augue, vel accumsan tellus nisi eu orci. Mauris lacinia sapien quis libero.\n\nNullam sit amet turpis elementum ligula vehicula consequat. Morbi a ipsum. Integer a nibh.','[{}]','[{}, {}]','2020-04-06 00:00:00','2019-12-18 00:00:00'),(65,65,'Cras non velit nec nisi vulputate nonummy. Maecenas tincidunt lacus at velit. Vivamus vel nulla eget eros elementum pellentesque.\n\nQuisque porta volutpat erat. Quisque erat eros, viverra eget, congue eget, semper rutrum, nulla. Nunc purus.','[{}, {}, {}]','[{}, {}, {}, {}]','2020-07-01 00:00:00','2020-04-24 00:00:00'),(66,66,'Duis bibendum. Morbi non quam nec dui luctus rutrum. Nulla tellus.\n\nIn sagittis dui vel nisl. Duis ac nibh. Fusce lacus purus, aliquet at, feugiat non, pretium quis, lectus.\n\nSuspendisse potenti. In eleifend quam a odio. In hac habitasse platea dictumst.','[{}, {}, {}, {}, {}]','[{}, {}]','2020-03-09 00:00:00','2019-09-24 00:00:00'),(67,67,'Fusce consequat. Nulla nisl. Nunc nisl.','[{}, {}, {}]','[{}, {}, {}]','2020-03-06 00:00:00','2019-08-09 00:00:00'),(68,68,'Cum sociis natoque penatibus et magnis dis parturient montes, nascetur ridiculus mus. Vivamus vestibulum sagittis sapien. Cum sociis natoque penatibus et magnis dis parturient montes, nascetur ridiculus mus.\n\nEtiam vel augue. Vestibulum rutrum rutrum neque. Aenean auctor gravida sem.','[{}, {}, {}, {}]','[{}, {}]','2019-09-08 00:00:00','2020-01-26 00:00:00'),(69,69,'Curabitur in libero ut massa volutpat convallis. Morbi odio odio, elementum eu, interdum eu, tincidunt in, leo. Maecenas pulvinar lobortis est.\n\nPhasellus sit amet erat. Nulla tempus. Vivamus in felis eu sapien cursus vestibulum.','[{}, {}, {}]','[{}, {}, {}, {}]','2019-10-13 00:00:00','2019-09-06 00:00:00'),(70,70,'Phasellus sit amet erat. Nulla tempus. Vivamus in felis eu sapien cursus vestibulum.\n\nProin eu mi. Nulla ac enim. In tempor, turpis nec euismod scelerisque, quam turpis adipiscing lorem, vitae mattis nibh ligula nec sem.','[{}, {}]','[{}]','2020-07-08 00:00:00','2020-03-15 00:00:00'),(71,71,'Integer tincidunt ante vel ipsum. Praesent blandit lacinia erat. Vestibulum sed magna at nunc commodo placerat.\n\nPraesent blandit. Nam nulla. Integer pede justo, lacinia eget, tincidunt eget, tempus vel, pede.','[{}, {}]','[{}, {}]','2019-10-03 00:00:00','2020-07-15 00:00:00'),(72,72,'Duis consequat dui nec nisi volutpat eleifend. Donec ut dolor. Morbi vel lectus in quam fringilla rhoncus.','[{}]','[{}, {}, {}]','2020-02-07 00:00:00','2020-04-08 00:00:00'),(73,73,'Sed ante. Vivamus tortor. Duis mattis egestas metus.','[{}, {}, {}, {}, {}]','[{}, {}, {}, {}, {}]','2019-11-19 00:00:00','2020-03-11 00:00:00'),(74,74,'Morbi porttitor lorem id ligula. Suspendisse ornare consequat lectus. In est risus, auctor sed, tristique in, tempus sit amet, sem.','[{}, {}, {}, {}]','[{}, {}, {}, {}, {}]','2020-06-12 00:00:00','2019-09-03 00:00:00'),(75,75,'Maecenas leo odio, condimentum id, luctus nec, molestie sed, justo. Pellentesque viverra pede ac diam. Cras pellentesque volutpat dui.\n\nMaecenas tristique, est et tempus semper, est quam pharetra magna, ac consequat metus sapien ut nunc. Vestibulum ante ipsum primis in faucibus orci luctus et ultrices posuere cubilia Curae; Mauris viverra diam vitae quam. Suspendisse potenti.','[{}, {}, {}]','[{}, {}, {}, {}]','2019-10-25 00:00:00','2019-09-30 00:00:00'),(76,76,'Nullam porttitor lacus at turpis. Donec posuere metus vitae ipsum. Aliquam non mauris.\n\nMorbi non lectus. Aliquam sit amet diam in magna bibendum imperdiet. Nullam orci pede, venenatis non, sodales sed, tincidunt eu, felis.\n\nFusce posuere felis sed lacus. Morbi sem mauris, laoreet ut, rhoncus aliquet, pulvinar sed, nisl. Nunc rhoncus dui vel sem.','[{}, {}, {}]','[{}]','2020-05-25 00:00:00','2020-07-23 00:00:00'),(77,77,'Cum sociis natoque penatibus et magnis dis parturient montes, nascetur ridiculus mus. Vivamus vestibulum sagittis sapien. Cum sociis natoque penatibus et magnis dis parturient montes, nascetur ridiculus mus.\n\nEtiam vel augue. Vestibulum rutrum rutrum neque. Aenean auctor gravida sem.','[{}, {}, {}, {}, {}]','[{}, {}, {}, {}, {}]','2019-09-03 00:00:00','2020-05-05 00:00:00'),(78,78,'Integer ac leo. Pellentesque ultrices mattis odio. Donec vitae nisi.','[{}, {}, {}, {}]','[{}]','2019-11-08 00:00:00','2019-12-13 00:00:00'),(79,79,'Praesent id massa id nisl venenatis lacinia. Aenean sit amet justo. Morbi ut odio.','[{}, {}, {}, {}, {}]','[{}, {}]','2020-05-19 00:00:00','2020-05-26 00:00:00'),(80,80,'Duis bibendum, felis sed interdum venenatis, turpis enim blandit mi, in porttitor pede justo eu massa. Donec dapibus. Duis at velit eu est congue elementum.\n\nIn hac habitasse platea dictumst. Morbi vestibulum, velit id pretium iaculis, diam erat fermentum justo, nec condimentum neque sapien placerat ante. Nulla justo.','[{}, {}]','[{}, {}, {}, {}]','2019-08-01 00:00:00','2020-04-17 00:00:00'),(81,81,'Nullam sit amet turpis elementum ligula vehicula consequat. Morbi a ipsum. Integer a nibh.\n\nIn quis justo. Maecenas rhoncus aliquam lacus. Morbi quis tortor id nulla ultrices aliquet.\n\nMaecenas leo odio, condimentum id, luctus nec, molestie sed, justo. Pellentesque viverra pede ac diam. Cras pellentesque volutpat dui.','[{}, {}, {}]','[{}, {}, {}, {}, {}]','2020-06-19 00:00:00','2019-12-26 00:00:00'),(82,82,'Phasellus in felis. Donec semper sapien a libero. Nam dui.\n\nProin leo odio, porttitor id, consequat in, consequat ut, nulla. Sed accumsan felis. Ut at dolor quis odio consequat varius.\n\nInteger ac leo. Pellentesque ultrices mattis odio. Donec vitae nisi.','[{}, {}]','[{}, {}]','2020-05-30 00:00:00','2019-09-09 00:00:00'),(83,83,'Praesent blandit. Nam nulla. Integer pede justo, lacinia eget, tincidunt eget, tempus vel, pede.\n\nMorbi porttitor lorem id ligula. Suspendisse ornare consequat lectus. In est risus, auctor sed, tristique in, tempus sit amet, sem.\n\nFusce consequat. Nulla nisl. Nunc nisl.','[{}, {}, {}, {}, {}]','[{}, {}, {}]','2019-07-31 00:00:00','2019-11-18 00:00:00'),(84,84,'Vestibulum ac est lacinia nisi venenatis tristique. Fusce congue, diam id ornare imperdiet, sapien urna pretium nisl, ut volutpat sapien arcu sed augue. Aliquam erat volutpat.\n\nIn congue. Etiam justo. Etiam pretium iaculis justo.\n\nIn hac habitasse platea dictumst. Etiam faucibus cursus urna. Ut tellus.','[{}]','[{}, {}]','2020-03-16 00:00:00','2020-02-21 00:00:00'),(85,85,'Sed ante. Vivamus tortor. Duis mattis egestas metus.\n\nAenean fermentum. Donec ut mauris eget massa tempor convallis. Nulla neque libero, convallis eget, eleifend luctus, ultricies eu, nibh.','[{}, {}]','[{}]','2019-10-06 00:00:00','2019-09-04 00:00:00'),(86,86,'Maecenas leo odio, condimentum id, luctus nec, molestie sed, justo. Pellentesque viverra pede ac diam. Cras pellentesque volutpat dui.\n\nMaecenas tristique, est et tempus semper, est quam pharetra magna, ac consequat metus sapien ut nunc. Vestibulum ante ipsum primis in faucibus orci luctus et ultrices posuere cubilia Curae; Mauris viverra diam vitae quam. Suspendisse potenti.\n\nNullam porttitor lacus at turpis. Donec posuere metus vitae ipsum. Aliquam non mauris.','[{}, {}, {}]','[{}, {}]','2020-01-28 00:00:00','2020-03-11 00:00:00'),(87,87,'Morbi non lectus. Aliquam sit amet diam in magna bibendum imperdiet. Nullam orci pede, venenatis non, sodales sed, tincidunt eu, felis.\n\nFusce posuere felis sed lacus. Morbi sem mauris, laoreet ut, rhoncus aliquet, pulvinar sed, nisl. Nunc rhoncus dui vel sem.\n\nSed sagittis. Nam congue, risus semper porta volutpat, quam pede lobortis ligula, sit amet eleifend pede libero quis orci. Nullam molestie nibh in lectus.','[{}]','[{}, {}, {}, {}, {}]','2019-11-25 00:00:00','2019-08-20 00:00:00'),(88,88,'In hac habitasse platea dictumst. Etiam faucibus cursus urna. Ut tellus.\n\nNulla ut erat id mauris vulputate elementum. Nullam varius. Nulla facilisi.','[{}, {}, {}, {}, {}]','[{}, {}]','2020-03-24 00:00:00','2020-07-01 00:00:00'),(89,89,'Curabitur in libero ut massa volutpat convallis. Morbi odio odio, elementum eu, interdum eu, tincidunt in, leo. Maecenas pulvinar lobortis est.\n\nPhasellus sit amet erat. Nulla tempus. Vivamus in felis eu sapien cursus vestibulum.','[{}, {}]','[{}]','2020-03-17 00:00:00','2019-09-21 00:00:00'),(90,90,'Cum sociis natoque penatibus et magnis dis parturient montes, nascetur ridiculus mus. Vivamus vestibulum sagittis sapien. Cum sociis natoque penatibus et magnis dis parturient montes, nascetur ridiculus mus.','[{}, {}]','[{}]','2020-06-21 00:00:00','2020-04-14 00:00:00'),(91,91,'Aliquam quis turpis eget elit sodales scelerisque. Mauris sit amet eros. Suspendisse accumsan tortor quis turpis.\n\nSed ante. Vivamus tortor. Duis mattis egestas metus.\n\nAenean fermentum. Donec ut mauris eget massa tempor convallis. Nulla neque libero, convallis eget, eleifend luctus, ultricies eu, nibh.','[{}, {}, {}, {}]','[{}, {}, {}, {}, {}]','2019-12-24 00:00:00','2019-12-17 00:00:00'),(92,92,'Vestibulum ac est lacinia nisi venenatis tristique. Fusce congue, diam id ornare imperdiet, sapien urna pretium nisl, ut volutpat sapien arcu sed augue. Aliquam erat volutpat.','[{}, {}]','[{}, {}, {}, {}]','2020-04-17 00:00:00','2020-04-07 00:00:00'),(93,93,'Sed sagittis. Nam congue, risus semper porta volutpat, quam pede lobortis ligula, sit amet eleifend pede libero quis orci. Nullam molestie nibh in lectus.\n\nPellentesque at nulla. Suspendisse potenti. Cras in purus eu magna vulputate luctus.','[{}]','[{}, {}, {}, {}, {}]','2020-04-28 00:00:00','2019-12-18 00:00:00'),(94,94,'Donec diam neque, vestibulum eget, vulputate ut, ultrices vel, augue. Vestibulum ante ipsum primis in faucibus orci luctus et ultrices posuere cubilia Curae; Donec pharetra, magna vestibulum aliquet ultrices, erat tortor sollicitudin mi, sit amet lobortis sapien sapien non mi. Integer ac neque.\n\nDuis bibendum. Morbi non quam nec dui luctus rutrum. Nulla tellus.\n\nIn sagittis dui vel nisl. Duis ac nibh. Fusce lacus purus, aliquet at, feugiat non, pretium quis, lectus.','[{}, {}]','[{}]','2020-02-26 00:00:00','2020-02-03 00:00:00'),(95,95,'Nullam sit amet turpis elementum ligula vehicula consequat. Morbi a ipsum. Integer a nibh.\n\nIn quis justo. Maecenas rhoncus aliquam lacus. Morbi quis tortor id nulla ultrices aliquet.','[{}, {}]','[{}, {}, {}, {}]','2019-12-28 00:00:00','2020-02-29 00:00:00'),(96,96,'Nulla ut erat id mauris vulputate elementum. Nullam varius. Nulla facilisi.\n\nCras non velit nec nisi vulputate nonummy. Maecenas tincidunt lacus at velit. Vivamus vel nulla eget eros elementum pellentesque.','[{}, {}]','[{}, {}, {}, {}, {}]','2019-10-31 00:00:00','2020-02-13 00:00:00'),(97,97,'Maecenas leo odio, condimentum id, luctus nec, molestie sed, justo. Pellentesque viverra pede ac diam. Cras pellentesque volutpat dui.','[{}, {}]','[{}, {}]','2019-08-17 00:00:00','2019-11-06 00:00:00'),(98,98,'Etiam vel augue. Vestibulum rutrum rutrum neque. Aenean auctor gravida sem.\n\nPraesent id massa id nisl venenatis lacinia. Aenean sit amet justo. Morbi ut odio.','[{}, {}, {}]','[{}]','2019-09-27 00:00:00','2020-03-02 00:00:00'),(99,99,'In hac habitasse platea dictumst. Etiam faucibus cursus urna. Ut tellus.','[{}]','[{}, {}]','2020-05-06 00:00:00','2020-01-09 00:00:00'),(100,100,'Nullam sit amet turpis elementum ligula vehicula consequat. Morbi a ipsum. Integer a nibh.\n\nIn quis justo. Maecenas rhoncus aliquam lacus. Morbi quis tortor id nulla ultrices aliquet.','[{}]','[{}]','2020-04-09 00:00:00','2019-12-29 00:00:00');
/*!40000 ALTER TABLE `posts` ENABLE KEYS */;
UNLOCK TABLES;

--
-- Table structure for table `profiles_`
--

DROP TABLE IF EXISTS `profiles_`;
/*!40101 SET @saved_cs_client     = @@character_set_client */;
/*!50503 SET character_set_client = utf8mb4 */;
CREATE TABLE `profiles_` (
  `id` bigint unsigned NOT NULL AUTO_INCREMENT,
  `user_id` bigint unsigned NOT NULL,
  `gender` char(1) DEFAULT NULL,
  `name` varchar(100) DEFAULT NULL,
  `surname` varchar(100) DEFAULT NULL,
  `birthday` date DEFAULT NULL,
  `photo_id` bigint unsigned DEFAULT NULL,
  `created_at` datetime DEFAULT CURRENT_TIMESTAMP,
  `hometown` varchar(100) DEFAULT NULL,
  PRIMARY KEY (`id`),
  UNIQUE KEY `id` (`id`),
  KEY `user_id` (`user_id`),
  CONSTRAINT `profiles__ibfk_1` FOREIGN KEY (`user_id`) REFERENCES `users` (`id`)
) ENGINE=InnoDB AUTO_INCREMENT=101 DEFAULT CHARSET=utf8mb4 COLLATE=utf8mb4_0900_ai_ci;
/*!40101 SET character_set_client = @saved_cs_client */;

--
-- Dumping data for table `profiles_`
--

LOCK TABLES `profiles_` WRITE;
/*!40000 ALTER TABLE `profiles_` DISABLE KEYS */;
INSERT INTO `profiles_` VALUES (1,1,'F','Marjy','Sparham','1993-10-17',1,'2020-05-06 00:00:00','Mem Martins'),(2,2,'M','Stefan','Todaro','1987-10-16',2,'2020-01-11 00:00:00','Aya Tris'),(3,3,'M','Edmund','Dalli','1989-03-02',3,'2020-03-09 00:00:00','Beichengqu'),(4,4,'M','Ivan','Aleevy','1986-12-25',4,'2019-12-09 00:00:00','Kabanga'),(5,5,'F','Mandy','Bride','1989-10-22',5,'2020-04-16 00:00:00','Kiruru'),(6,6,'M','Billie','Flacknoe','1989-01-19',6,'2019-11-02 00:00:00','Nice'),(7,7,'M','Barrett','Blease','1986-08-12',7,'2020-05-12 00:00:00','Al Awj'),(8,8,'F','Berget','Stoner','1989-10-30',8,'2020-07-17 00:00:00','Bangus Kulon'),(9,9,'F','Brenda','McShirie','1994-05-06',9,'2019-07-25 00:00:00','Nanxinxiang'),(10,10,'F','Aindrea','Ellice','1991-02-22',10,'2019-10-27 00:00:00','San Juan'),(11,11,'F','Katherine','Denge','1995-03-09',11,'2019-12-02 00:00:00','Buturlinovka'),(12,12,'F','Hedda','Branthwaite','1992-05-07',12,'2019-10-27 00:00:00','Inayauan'),(13,13,'M','Ancell','Jory','1990-05-14',13,'2019-08-01 00:00:00','Saint-Di-des-Vosges'),(14,14,'M','Wylie','Heffy','1985-09-08',14,'2019-12-12 00:00:00','Coromandel'),(15,15,'M','Billy','Hubner','1992-03-15',15,'2020-01-02 00:00:00','Irtyshskiy'),(16,16,'M','Verne','Punch','1995-06-28',16,'2019-11-11 00:00:00','Ibaraki'),(17,17,'F','Bea','Pester','1994-06-28',17,'2019-10-11 00:00:00','Pruchnik'),(18,18,'F','Elberta','De Maria','1995-04-09',18,'2019-11-05 00:00:00','Kty'),(19,19,'M','Jeth','Lidington','1986-10-30',19,'2019-12-23 00:00:00','Glria do Goit'),(20,20,'M','Bent','Blacklock','1986-04-08',20,'2020-06-19 00:00:00','Trawniki'),(21,21,'F','Penny','Byram','1992-06-02',21,'2019-08-11 00:00:00','Jakhaly'),(22,22,'M','Reinhold','Tuck','1987-06-26',22,'2020-01-13 00:00:00','Oakland'),(23,23,'F','Pegeen','Lafaye','1992-07-31',23,'2019-09-12 00:00:00','Jamshoro'),(24,24,'M','Ariel','Asel','1993-11-03',24,'2020-02-29 00:00:00','Yangchun'),(25,25,'F','Blanca','Haire','1993-06-30',25,'2020-07-09 00:00:00','Gigante'),(26,26,'M','Lynn','Gilby','1993-09-10',26,'2019-11-08 00:00:00','Schiedam postbusnummers'),(27,27,'M','Ezra','Rogeron','1994-04-06',27,'2019-12-01 00:00:00','Modderfontein'),(28,28,'M','Roley','Ferrone','1995-06-13',28,'2020-06-15 00:00:00','Tsapra'),(29,29,'F','Lisabeth','Belliveau','1990-09-27',29,'2020-03-21 00:00:00','Porto Real'),(30,30,'F','Jacinthe','Kalinovich','1988-06-02',30,'2020-06-13 00:00:00','Mesa'),(31,31,'F','Lucretia','Sommerton','1989-01-23',31,'2019-10-12 00:00:00','Martakert'),(32,32,'M','Cullin','Willoughby','1990-06-01',32,'2020-05-07 00:00:00','Kifr'),(33,33,'M','Daryl','Giampietro','1994-11-15',33,'2020-06-23 00:00:00','Santarm'),(34,34,'F','Elbertina','Game','1992-02-03',34,'2019-08-16 00:00:00','Al Ann'),(35,35,'F','Tanya','Atyeo','1995-06-02',35,'2020-04-23 00:00:00','Lianzhu'),(36,36,'F','Juliet','Catherall','1991-02-15',36,'2020-01-05 00:00:00','Shuangta'),(37,37,'M','Bryon','Boxill','1986-10-19',37,'2019-09-13 00:00:00','Carpenter'),(38,38,'F','Queenie','Knowlys','1989-11-30',38,'2019-09-26 00:00:00','Matadi'),(39,39,'M','Jarid','Attwool','1992-06-15',39,'2020-05-05 00:00:00','Hangbu'),(40,40,'M','Onfre','Wigsell','1994-02-03',40,'2020-05-23 00:00:00','Lattes'),(41,41,'M','Archie','Akker','1988-05-09',41,'2019-10-27 00:00:00','Jinggan'),(42,42,'F','Filia','Driver','1989-11-26',42,'2019-10-27 00:00:00','Dunkerque'),(43,43,'F','Franciska','Redd','1987-07-11',43,'2020-01-02 00:00:00','Wuluhan'),(44,44,'F','Amalia','Petrushanko','1994-02-10',44,'2020-06-17 00:00:00','Grabw'),(45,45,'M','Lazarus','Quilligan','1993-09-30',45,'2020-02-07 00:00:00','Rivesaltes'),(46,46,'F','Hildegarde','Fontin','1992-03-27',46,'2020-06-26 00:00:00','Stockholm'),(47,47,'F','Amata','Knyvett','1990-07-13',47,'2020-02-12 00:00:00','Meixi'),(48,48,'F','Gratiana','Chad','1985-09-16',48,'2020-06-02 00:00:00','Chavarra'),(49,49,'M','Harald','Deakan','1992-07-11',49,'2020-01-18 00:00:00','La Tinguia'),(50,50,'M','Moise','Gritsaev','1986-11-09',50,'2020-03-09 00:00:00','Washington'),(51,51,'F','Nona','Masedon','1993-07-31',51,'2019-11-07 00:00:00','Sumurasin'),(52,52,'F','Joelie','Scyner','1989-08-15',52,'2020-01-20 00:00:00','Xingxi'),(53,53,'M','Boothe','Halbord','1993-11-08',53,'2020-05-25 00:00:00','Ramotswa'),(54,54,'F','Leisha','Sunner','1991-03-03',54,'2019-08-27 00:00:00','Baidian'),(55,55,'M','Towny','Reedyhough','1992-05-23',55,'2020-03-19 00:00:00','Kirzhach'),(56,56,'M','Silvain','Sloam','1992-09-24',56,'2020-02-09 00:00:00','Dijon'),(57,57,'F','Stacee','Childes','1988-11-04',57,'2020-05-23 00:00:00','San Diego'),(58,58,'M','Cobbie','Care','1985-10-29',58,'2020-03-29 00:00:00','Yamaranguila'),(59,59,'M','Alexander','Obin','1991-07-11',59,'2019-11-26 00:00:00','Quat'),(60,60,'F','Winni','Negus','1986-10-05',60,'2020-07-03 00:00:00','Hashtgerd'),(61,61,'M','Alejandro','McKenna','1995-02-16',61,'2020-01-14 00:00:00','Bierawa'),(62,62,'M','Haskel','Brenneke','1986-12-25',62,'2019-11-20 00:00:00','Tikiw'),(63,63,'M','Jermaine','Busain','1992-07-09',63,'2020-01-19 00:00:00','Nato'),(64,64,'M','Burke','Espada','1989-01-09',64,'2020-05-14 00:00:00','Smodzino'),(65,65,'F','Rubetta','Crinage','1987-03-11',65,'2020-01-20 00:00:00','Mondokan'),(66,66,'M','Wright','Banham','1986-11-28',66,'2020-06-04 00:00:00','Fangxiang'),(67,67,'F','Keeley','Skudder','1986-01-22',67,'2020-06-26 00:00:00','Vsters'),(68,68,'F','Felecia','Abby','1986-11-14',68,'2019-12-02 00:00:00','Uppsala'),(69,69,'F','Ardys','Kiehne','1988-09-03',69,'2019-12-15 00:00:00','Stranice'),(70,70,'M','Arvy','Curzon','1991-12-10',70,'2020-07-14 00:00:00','Arax'),(71,71,'F','Etheline','Brent','1988-03-22',71,'2019-08-05 00:00:00','Narimanov'),(72,72,'F','Caressa','Japp','1993-09-27',72,'2020-06-25 00:00:00','Taoyuan'),(73,73,'M','Vic','McLeary','1991-07-05',73,'2020-04-24 00:00:00','Cikembang'),(74,74,'M','Kristofor','Lightwing','1987-11-10',74,'2019-08-09 00:00:00','La Romana'),(75,75,'F','Lotty','Enrico','1992-10-25',75,'2020-05-06 00:00:00','Parintins'),(76,76,'M','Chrisse','Shipton','1993-09-13',76,'2019-08-12 00:00:00','Danan'),(77,77,'M','Homer','Ringer','1992-03-16',77,'2020-05-05 00:00:00','Casal da Anja'),(78,78,'F','Bettine','Buntain','1989-08-09',78,'2020-04-16 00:00:00','Podbrady'),(79,79,'F','Darrelle','Coytes','1989-06-02',79,'2020-05-06 00:00:00','Tru Qu'),(80,80,'M','Husein','Bride','1991-09-01',80,'2020-04-13 00:00:00','Gaibei'),(81,81,'F','Starr','Mantle','1988-05-25',81,'2020-05-31 00:00:00','Budapest'),(82,82,'M','Nappie','Coldridge','1993-09-16',82,'2019-11-09 00:00:00','Granard'),(83,83,'M','Delainey','Moule','1993-10-14',83,'2020-03-02 00:00:00','leby'),(84,84,'F','Debera','Warton','1989-01-14',84,'2020-04-25 00:00:00','Barrancas'),(85,85,'F','Jen','Tapenden','1989-08-29',85,'2020-01-15 00:00:00','Ramadi'),(86,86,'F','Darleen','Gaitung','1988-02-18',86,'2020-05-31 00:00:00','Cerkvenjak'),(87,87,'F','Courtney','D\'Angeli','1993-02-07',87,'2020-05-14 00:00:00','Biyong'),(88,88,'F','Querida','Solley','1994-03-21',88,'2019-10-16 00:00:00','Guagua'),(89,89,'M','Emanuele','Moss','1989-04-07',89,'2020-01-20 00:00:00','arast'),(90,90,'M','Wash','Longhorn','1990-12-21',90,'2019-12-28 00:00:00','Verblyany'),(91,91,'M','Kort','Yakubovics','1995-04-28',91,'2019-08-03 00:00:00','Guangfu'),(92,92,'M','Noland','Minci','1989-09-07',92,'2019-09-29 00:00:00','Basel'),(93,93,'M','Kahaleel','Garling','1994-01-05',93,'2020-04-02 00:00:00','Kara Suu'),(94,94,'F','Merna','Horstead','1988-09-14',94,'2019-12-13 00:00:00','Tipolo'),(95,95,'M','Tailor','Mollitt','1994-01-01',95,'2020-02-10 00:00:00','ubnice'),(96,96,'F','Tallie','Le Prevost','1987-11-08',96,'2019-11-24 00:00:00','Beranci'),(97,97,'M','Saxe','Gillino','1986-09-10',97,'2020-02-11 00:00:00','Prioso Barat'),(98,98,'F','Kissee','Cotillard','1987-03-14',98,'2020-03-30 00:00:00','Dorogobuzh'),(99,99,'F','Pamella','Capelin','1989-06-11',99,'2019-12-04 00:00:00','Nov Role'),(100,100,'M','Benny','Murtimer','1992-11-09',100,'2020-04-29 00:00:00','Baopukang');
/*!40000 ALTER TABLE `profiles_` ENABLE KEYS */;
UNLOCK TABLES;

--
-- Table structure for table `repost`
--

DROP TABLE IF EXISTS `repost`;
/*!40101 SET @saved_cs_client     = @@character_set_client */;
/*!50503 SET character_set_client = utf8mb4 */;
CREATE TABLE `repost` (
  `id` bigint unsigned NOT NULL AUTO_INCREMENT,
  `post_id` bigint unsigned NOT NULL,
  `reposted_to` bigint unsigned NOT NULL,
  `reposted_from` bigint unsigned NOT NULL,
  `reposted_at` datetime DEFAULT CURRENT_TIMESTAMP,
  PRIMARY KEY (`id`),
  UNIQUE KEY `id` (`id`),
  KEY `reposted_to` (`reposted_to`),
  KEY `post_id` (`post_id`),
  CONSTRAINT `repost_ibfk_1` FOREIGN KEY (`reposted_to`) REFERENCES `users` (`id`),
  CONSTRAINT `repost_ibfk_2` FOREIGN KEY (`post_id`) REFERENCES `posts` (`id`)
) ENGINE=InnoDB AUTO_INCREMENT=101 DEFAULT CHARSET=utf8mb4 COLLATE=utf8mb4_0900_ai_ci;
/*!40101 SET character_set_client = @saved_cs_client */;

--
-- Dumping data for table `repost`
--

LOCK TABLES `repost` WRITE;
/*!40000 ALTER TABLE `repost` DISABLE KEYS */;
INSERT INTO `repost` VALUES (1,1,1,1,'2020-02-02 00:00:00'),(2,2,2,2,'2019-10-17 00:00:00'),(3,3,3,3,'2020-05-04 00:00:00'),(4,4,4,4,'2020-03-02 00:00:00'),(5,5,5,5,'2020-05-04 00:00:00'),(6,6,6,6,'2019-10-11 00:00:00'),(7,7,7,7,'2020-01-05 00:00:00'),(8,8,8,8,'2019-09-24 00:00:00'),(9,9,9,9,'2019-10-18 00:00:00'),(10,10,10,10,'2019-10-21 00:00:00'),(11,11,11,11,'2019-10-04 00:00:00'),(12,12,12,12,'2019-08-15 00:00:00'),(13,13,13,13,'2019-10-16 00:00:00'),(14,14,14,14,'2020-06-30 00:00:00'),(15,15,15,15,'2020-04-27 00:00:00'),(16,16,16,16,'2020-01-16 00:00:00'),(17,17,17,17,'2019-08-18 00:00:00'),(18,18,18,18,'2019-08-21 00:00:00'),(19,19,19,19,'2020-01-24 00:00:00'),(20,20,20,20,'2019-08-29 00:00:00'),(21,21,21,21,'2019-11-19 00:00:00'),(22,22,22,22,'2020-04-08 00:00:00'),(23,23,23,23,'2019-11-18 00:00:00'),(24,24,24,24,'2020-04-07 00:00:00'),(25,25,25,25,'2020-02-28 00:00:00'),(26,26,26,26,'2020-02-05 00:00:00'),(27,27,27,27,'2019-10-29 00:00:00'),(28,28,28,28,'2020-01-15 00:00:00'),(29,29,29,29,'2020-05-28 00:00:00'),(30,30,30,30,'2019-11-13 00:00:00'),(31,31,31,31,'2020-01-26 00:00:00'),(32,32,32,32,'2020-01-19 00:00:00'),(33,33,33,33,'2020-02-29 00:00:00'),(34,34,34,34,'2019-11-29 00:00:00'),(35,35,35,35,'2020-07-15 00:00:00'),(36,36,36,36,'2020-05-10 00:00:00'),(37,37,37,37,'2019-12-20 00:00:00'),(38,38,38,38,'2019-08-08 00:00:00'),(39,39,39,39,'2019-11-28 00:00:00'),(40,40,40,40,'2020-06-01 00:00:00'),(41,41,41,41,'2019-12-19 00:00:00'),(42,42,42,42,'2019-11-13 00:00:00'),(43,43,43,43,'2020-01-13 00:00:00'),(44,44,44,44,'2019-09-06 00:00:00'),(45,45,45,45,'2019-10-17 00:00:00'),(46,46,46,46,'2020-06-08 00:00:00'),(47,47,47,47,'2020-06-13 00:00:00'),(48,48,48,48,'2019-08-29 00:00:00'),(49,49,49,49,'2020-02-13 00:00:00'),(50,50,50,50,'2020-07-06 00:00:00'),(51,51,51,51,'2020-01-31 00:00:00'),(52,52,52,52,'2020-01-20 00:00:00'),(53,53,53,53,'2020-06-11 00:00:00'),(54,54,54,54,'2020-03-14 00:00:00'),(55,55,55,55,'2019-12-18 00:00:00'),(56,56,56,56,'2020-04-05 00:00:00'),(57,57,57,57,'2020-05-28 00:00:00'),(58,58,58,58,'2020-04-30 00:00:00'),(59,59,59,59,'2020-03-06 00:00:00'),(60,60,60,60,'2020-05-20 00:00:00'),(61,61,61,61,'2020-06-02 00:00:00'),(62,62,62,62,'2019-12-06 00:00:00'),(63,63,63,63,'2019-12-05 00:00:00'),(64,64,64,64,'2020-01-06 00:00:00'),(65,65,65,65,'2019-12-11 00:00:00'),(66,66,66,66,'2020-06-15 00:00:00'),(67,67,67,67,'2020-06-27 00:00:00'),(68,68,68,68,'2020-04-21 00:00:00'),(69,69,69,69,'2019-12-29 00:00:00'),(70,70,70,70,'2019-12-27 00:00:00'),(71,71,71,71,'2020-02-07 00:00:00'),(72,72,72,72,'2020-02-23 00:00:00'),(73,73,73,73,'2019-12-07 00:00:00'),(74,74,74,74,'2019-09-14 00:00:00'),(75,75,75,75,'2020-06-18 00:00:00'),(76,76,76,76,'2020-02-08 00:00:00'),(77,77,77,77,'2020-04-25 00:00:00'),(78,78,78,78,'2020-05-14 00:00:00'),(79,79,79,79,'2020-06-09 00:00:00'),(80,80,80,80,'2019-12-10 00:00:00'),(81,81,81,81,'2020-02-03 00:00:00'),(82,82,82,82,'2020-04-05 00:00:00'),(83,83,83,83,'2020-05-27 00:00:00'),(84,84,84,84,'2020-06-17 00:00:00'),(85,85,85,85,'2020-01-11 00:00:00'),(86,86,86,86,'2020-05-15 00:00:00'),(87,87,87,87,'2020-01-31 00:00:00'),(88,88,88,88,'2020-05-11 00:00:00'),(89,89,89,89,'2020-06-05 00:00:00'),(90,90,90,90,'2019-08-06 00:00:00'),(91,91,91,91,'2020-01-07 00:00:00'),(92,92,92,92,'2019-12-06 00:00:00'),(93,93,93,93,'2020-04-15 00:00:00'),(94,94,94,94,'2020-05-10 00:00:00'),(95,95,95,95,'2020-05-16 00:00:00'),(96,96,96,96,'2020-04-09 00:00:00'),(97,97,97,97,'2020-01-16 00:00:00'),(98,98,98,98,'2020-06-15 00:00:00'),(99,99,99,99,'2019-12-02 00:00:00'),(100,100,100,100,'2020-06-11 00:00:00');
/*!40000 ALTER TABLE `repost` ENABLE KEYS */;
UNLOCK TABLES;

--
-- Table structure for table `users`
--

DROP TABLE IF EXISTS `users`;
/*!40101 SET @saved_cs_client     = @@character_set_client */;
/*!50503 SET character_set_client = utf8mb4 */;
CREATE TABLE `users` (
  `id` bigint unsigned NOT NULL AUTO_INCREMENT,
  `email` varchar(120) DEFAULT NULL,
  `phone` varchar(15) DEFAULT NULL,
  `pass` varchar(200) DEFAULT NULL,
  `created_at` varchar(150) DEFAULT NULL,
  `updated_at` varchar(150) DEFAULT NULL,
  PRIMARY KEY (`id`),
  UNIQUE KEY `id` (`id`),
  UNIQUE KEY `email` (`email`)
) ENGINE=InnoDB AUTO_INCREMENT=102 DEFAULT CHARSET=utf8mb4 COLLATE=utf8mb4_0900_ai_ci;
/*!40101 SET character_set_client = @saved_cs_client */;

--
-- Dumping data for table `users`
--

LOCK TABLES `users` WRITE;
/*!40000 ALTER TABLE `users` DISABLE KEYS */;
INSERT INTO `users` VALUES (1,'cjeskins0@live.com','407-568-6101','Pqg8eI0Zd','2020-07-28 21:31:10','2020-07-28 21:31:10'),(2,'sjonathon1@alibaba.com','714-496-0247','dMDq4wkX','2020-07-28 21:31:10','2020-07-28 21:31:10'),(3,'cramsey2@digg.com','101-293-9045','ReTTLJsY5d','2020-07-28 21:31:10','2020-07-28 21:31:10'),(4,'hkears3@msn.com','769-299-7030','lTsMtve5if60','2020-07-28 21:31:10','2020-07-28 21:31:10'),(5,'gbullon4@artisteer.com','870-245-7727','WW7sZWOL','2020-07-28 21:31:10','2020-07-28 21:31:10'),(6,'ifausch5@businessinsider.com','778-845-0802','CAPEtM9','2020-07-28 21:31:10','2020-07-28 21:31:10'),(7,'gsatford6@youku.com','222-751-9172','r7mLrD','2020-07-28 21:31:10','2020-07-28 21:31:10'),(8,'rcrielly7@github.io','489-238-8297','Jx0NpN','2020-07-28 21:31:10','2020-07-28 21:31:10'),(9,'wginner8@ucla.edu','836-461-6509','1V3AvMuFly83','2020-07-28 21:31:10','2020-07-28 21:31:10'),(10,'jdavydzenko9@rakuten.co.jp','778-187-8853','MrpYkMnN','2020-07-28 21:31:10','2020-07-28 21:31:10'),(11,'dchomleya@wordpress.com','441-603-9564','ivXMaOwS9','2020-07-28 21:31:10','2020-07-28 21:31:10'),(12,'rottewillb@army.mil','949-594-1935','S01BXRLk','2020-07-28 21:31:10','2020-07-28 21:31:10'),(13,'thaughianc@engadget.com','907-278-2751','77lOONv','2020-07-28 21:31:10','2020-07-28 21:31:10'),(14,'pchildd@sphinn.com','925-107-8651','nvr27P4NAqU','2020-07-28 21:31:10','2020-07-28 21:31:10'),(15,'imistrye@printfriendly.com','477-575-6631','vy6jgaO','2020-07-28 21:31:10','2020-07-28 21:31:10'),(16,'pwhatlingf@weibo.com','604-180-7155','C79PsY','2020-07-28 21:31:10','2020-07-28 21:31:10'),(17,'mbeetlestoneg@wordpress.com','476-245-4406','AIzEtnL','2020-07-28 21:31:10','2020-07-28 21:31:10'),(18,'iimlochh@networkadvertising.org','736-355-6791','Xb83JVJC','2020-07-28 21:31:10','2020-07-28 21:31:10'),(19,'amaccallumi@creativecommons.org','912-127-2953','QvFmYvg1','2020-07-28 21:31:10','2020-07-28 21:31:10'),(20,'akenawayj@booking.com','847-293-5881','h7wwCXENu','2020-07-28 21:31:10','2020-07-28 21:31:10'),(21,'rbaldackk@blogger.com','147-822-2705','N7KQ5p','2020-07-28 21:31:10','2020-07-28 21:31:10'),(22,'ldeminicol@themeforest.net','675-785-6014','Yq76tVNHh','2020-07-28 21:31:10','2020-07-28 21:31:10'),(23,'lballantynem@bluehost.com','806-235-4021','XEwv4oxQvnUq','2020-07-28 21:31:10','2020-07-28 21:31:10'),(24,'psaffenn@ning.com','348-256-8898','NWIxacVQ','2020-07-28 21:31:10','2020-07-28 21:31:10'),(25,'fcrossfieldo@noaa.gov','965-803-0105','7CZDzwE','2020-07-28 21:31:10','2020-07-28 21:31:10'),(26,'alangsdonp@vistaprint.com','902-702-4927','4BYggtouPOn','2020-07-28 21:31:10','2020-07-28 21:31:10'),(27,'sgollandq@usda.gov','987-644-5534','8rQPRg0','2020-07-28 21:31:10','2020-07-28 21:31:10'),(28,'tbuxeyr@github.io','161-350-0775','grbomP','2020-07-28 21:31:10','2020-07-28 21:31:10'),(29,'golagenes@free.fr','371-869-2726','BXRH1iMvIDd','2020-07-28 21:31:10','2020-07-28 21:31:10'),(30,'kstorrort@xing.com','690-101-6746','mWZwrpf47pS','2020-07-28 21:31:10','2020-07-28 21:31:10'),(31,'rkimblinu@blinklist.com','514-866-6622','CZRkheM','2020-07-28 21:31:10','2020-07-28 21:31:10'),(32,'jzanassiv@eventbrite.com','102-389-4053','liMuToy73vC','2020-07-28 21:31:10','2020-07-28 21:31:10'),(33,'qcastledinew@slideshare.net','187-447-9609','VML5gD9B','2020-07-28 21:31:10','2020-07-28 21:31:10'),(34,'gbehrx@hp.com','582-919-5372','FvOtzx4','2020-07-28 21:31:10','2020-07-28 21:31:10'),(35,'karseyy@acquirethisname.com','878-476-1796','S0f37B','2020-07-28 21:31:10','2020-07-28 21:31:10'),(36,'menderleinz@squidoo.com','948-832-0380','CRdIY9f','2020-07-28 21:31:10','2020-07-28 21:31:10'),(37,'vgrantham10@posterous.com','268-743-0194','B9D0Gl','2020-07-28 21:31:10','2020-07-28 21:31:10'),(38,'kstallybrass11@woothemes.com','149-880-8594','kH4BgWCNd','2020-07-28 21:31:10','2020-07-28 21:31:10'),(39,'abemment12@ca.gov','651-772-0775','4ulKZ9','2020-07-28 21:31:10','2020-07-28 21:31:10'),(40,'nvaggs13@unc.edu','190-686-2103','1X6xoOWSf','2020-07-28 21:31:10','2020-07-28 21:31:10'),(41,'wgudgion14@etsy.com','888-904-3739','Ab9b2PM8','2020-07-28 21:31:10','2020-07-28 21:31:10'),(42,'tstephenson15@github.com','735-224-3233','T8zKV9w','2020-07-28 21:31:10','2020-07-28 21:31:10'),(43,'mchoules16@seesaa.net','454-527-5829','THrXaVesGvwn','2020-07-28 21:31:10','2020-07-28 21:31:10'),(44,'aburlingame17@sakura.ne.jp','195-395-3987','RfrDW6','2020-07-28 21:31:10','2020-07-28 21:31:10'),(45,'ldautry18@redcross.org','287-521-2484','ktBAPzsHJ0lt','2020-07-28 21:31:10','2020-07-28 21:31:10'),(46,'bleyden19@nasa.gov','545-389-6939','V7ROXLD','2020-07-28 21:31:10','2020-07-28 21:31:10'),(47,'canan1a@slashdot.org','458-658-1821','4UUg77','2020-07-28 21:31:10','2020-07-28 21:31:10'),(48,'adowglass1b@amazon.de','857-898-2163','CLB1BTr3','2020-07-28 21:31:10','2020-07-28 21:31:10'),(49,'cbrooksby1c@vistaprint.com','726-437-0429','sjdT0Jcc','2020-07-28 21:31:10','2020-07-28 21:31:10'),(50,'doshiels1d@cafepress.com','271-277-2295','oM1WBKeMn9Z','2020-07-28 21:31:10','2020-07-28 21:31:10'),(51,'kmichallat1e@ox.ac.uk','436-415-5110','LwTZUL','2020-07-28 21:31:10','2020-07-28 21:31:10'),(52,'gcloney1f@yellowbook.com','116-769-4237','ZGREu1','2020-07-28 21:31:10','2020-07-28 21:31:10'),(53,'mcoldwell1g@de.vu','618-344-5103','TTXMesGY','2020-07-28 21:31:10','2020-07-28 21:31:10'),(54,'gspong1h@dedecms.com','733-292-2309','rioF1E1alZ','2020-07-28 21:31:10','2020-07-28 21:31:10'),(55,'trake1i@mlb.com','236-133-1765','cSaWWoQbhgd','2020-07-28 21:31:10','2020-07-28 21:31:10'),(56,'rblunden1j@artisteer.com','976-989-2528','BCdjBf','2020-07-28 21:31:10','2020-07-28 21:31:10'),(57,'jcullotey1k@miitbeian.gov.cn','986-993-9663','Ujp7JFo3qi','2020-07-28 21:31:10','2020-07-28 21:31:10'),(58,'bpotebury1l@deviantart.com','909-417-3923','JIanTR8','2020-07-28 21:31:10','2020-07-28 21:31:10'),(59,'lwaycott1m@oracle.com','648-336-5994','KlGZlVFV6d','2020-07-28 21:31:10','2020-07-28 21:31:10'),(60,'gwoodroof1n@cisco.com','627-976-0240','GBGDoJRDGejH','2020-07-28 21:31:10','2020-07-28 21:31:10'),(61,'kchislett1o@bbc.co.uk','291-189-8278','vkIC787','2020-07-28 21:31:10','2020-07-28 21:31:10'),(62,'ephilipsen1p@digg.com','333-392-9455','Kk0XMyfs','2020-07-28 21:31:10','2020-07-28 21:31:10'),(63,'drosle1q@webeden.co.uk','971-878-9237','BePE95vNr3','2020-07-28 21:31:10','2020-07-28 21:31:10'),(64,'battard1r@weibo.com','368-664-1288','avbvTIaLUNEj','2020-07-28 21:31:10','2020-07-28 21:31:10'),(65,'gheinle1s@scientificamerican.com','554-988-9348','nJFjQZeJy','2020-07-28 21:31:10','2020-07-28 21:31:10'),(66,'asmale1t@mayoclinic.com','383-555-1578','w2IgS5e','2020-07-28 21:31:10','2020-07-28 21:31:10'),(67,'amumbray1u@tiny.cc','279-589-0685','3XquyPxNKyTd','2020-07-28 21:31:10','2020-07-28 21:31:10'),(68,'areynold1v@usgs.gov','752-650-6843','1vhvuqev','2020-07-28 21:31:10','2020-07-28 21:31:10'),(69,'lfalkner1w@techcrunch.com','729-402-6109','VwClYKR','2020-07-28 21:31:10','2020-07-28 21:31:10'),(70,'mscopham1x@tmall.com','687-789-8551','P7v20YUEvn3N','2020-07-28 21:31:10','2020-07-28 21:31:10'),(71,'jjanaszewski1y@imdb.com','411-887-3026','LX9dQe','2020-07-28 21:31:10','2020-07-28 21:31:10'),(72,'nespinel1z@howstuffworks.com','570-329-6249','RRQf5r0','2020-07-28 21:31:10','2020-07-28 21:31:10'),(73,'gmazzei20@ning.com','109-393-4904','xGPmneWaO1jT','2020-07-28 21:31:10','2020-07-28 21:31:10'),(74,'ameese21@google.cn','576-450-0833','qif7MH','2020-07-28 21:31:10','2020-07-28 21:31:10'),(75,'rstruis22@exblog.jp','291-742-5453','88Vz9fNQ','2020-07-28 21:31:10','2020-07-28 21:31:10'),(76,'mstenyng23@nih.gov','776-964-4369','LacOvJY','2020-07-28 21:31:10','2020-07-28 21:31:10'),(77,'cizkovitz24@boston.com','154-992-4734','sv5cwzuV','2020-07-28 21:31:10','2020-07-28 21:31:10'),(78,'bpieche25@imageshack.us','405-587-6171','pjPV6PxAy','2020-07-28 21:31:10','2020-07-28 21:31:10'),(79,'jferrant26@answers.com','410-641-4530','2kTK10','2020-07-28 21:31:10','2020-07-28 21:31:10'),(80,'zgoscar27@mapquest.com','523-219-4101','biKeuLEcQnK8','2020-07-28 21:31:10','2020-07-28 21:31:10'),(81,'apope28@comcast.net','325-972-1263','pY1974xF','2020-07-28 21:31:10','2020-07-28 21:31:10'),(82,'mmacknight29@europa.eu','755-993-2911','zTtJXBJ4l3mV','2020-07-28 21:31:10','2020-07-28 21:31:10'),(83,'jwolfarth2a@thetimes.co.uk','385-941-9603','r8wCox','2020-07-28 21:31:10','2020-07-28 21:31:10'),(84,'npimblett2b@nba.com','951-395-6807','VoBIyPxAt','2020-07-28 21:31:10','2020-07-28 21:31:10'),(85,'osamart2c@smh.com.au','407-730-0386','dwmpSI','2020-07-28 21:31:10','2020-07-28 21:31:10'),(86,'awehnerr2d@chron.com','933-397-4240','5zMrGPtM','2020-07-28 21:31:10','2020-07-28 21:31:10'),(87,'tary2e@php.net','929-235-3613','eQzhCVcfcrC','2020-07-28 21:31:10','2020-07-28 21:31:10'),(88,'dgrishkov2f@amazon.com','215-560-3779','UTgMK0','2020-07-28 21:31:10','2020-07-28 21:31:10'),(89,'cfabb2g@photobucket.com','205-347-5034','qLXtj2dr','2020-07-28 21:31:10','2020-07-28 21:31:10'),(90,'rdoby2h@whitehouse.gov','879-730-7593','tMfuM8jtj2','2020-07-28 21:31:10','2020-07-28 21:31:10'),(91,'twhelan2i@github.io','686-202-0475','RWqM8xdsOOo6','2020-07-28 21:31:10','2020-07-28 21:31:10'),(92,'rbordone2j@illinois.edu','186-902-9491','lGZK8SsW','2020-07-28 21:31:10','2020-07-28 21:31:10'),(93,'lkleinmann2k@cbc.ca','416-194-5097','vYmPA9MJ0','2020-07-28 21:31:10','2020-07-28 21:31:10'),(94,'acowitz2l@tiny.cc','448-130-6618','rLv4TWgobD82','2020-07-28 21:31:10','2020-07-28 21:31:10'),(95,'spetry2m@nhs.uk','982-379-6660','i1Ipeh2UJWNb','2020-07-28 21:31:10','2020-07-28 21:31:10'),(96,'khedman2n@ted.com','604-297-3928','0OEBgzD','2020-07-28 21:31:10','2020-07-28 21:31:10'),(97,'gcaldero2o@hp.com','936-544-1439','ecJ4d4','2020-07-28 21:31:10','2020-07-28 21:31:10'),(98,'eflemming2p@nyu.edu','336-172-4585','ZkBTCE','2020-07-28 21:31:10','2020-07-28 21:31:10'),(99,'fderges2q@amazon.co.uk','730-138-7573','DG3ntI','2020-07-28 21:31:10','2020-07-28 21:31:10'),(100,'hkeeble2r@cocolog-nifty.com','298-884-2277','4gtCCV','2020-07-28 21:31:10','2020-07-28 21:31:10'),(101,NULL,NULL,NULL,NULL,NULL);
/*!40000 ALTER TABLE `users` ENABLE KEYS */;
UNLOCK TABLES;

--
-- Table structure for table `users_communities`
--

DROP TABLE IF EXISTS `users_communities`;
/*!40101 SET @saved_cs_client     = @@character_set_client */;
/*!50503 SET character_set_client = utf8mb4 */;
CREATE TABLE `users_communities` (
  `user_id` bigint unsigned NOT NULL,
  `community_id` bigint unsigned NOT NULL,
  `is_admin` tinyint(1) DEFAULT NULL,
  PRIMARY KEY (`user_id`,`community_id`),
  KEY `community_id` (`community_id`),
  CONSTRAINT `users_communities_ibfk_1` FOREIGN KEY (`user_id`) REFERENCES `users` (`id`),
  CONSTRAINT `users_communities_ibfk_2` FOREIGN KEY (`community_id`) REFERENCES `communities` (`id`)
) ENGINE=InnoDB DEFAULT CHARSET=utf8mb4 COLLATE=utf8mb4_0900_ai_ci;
/*!40101 SET character_set_client = @saved_cs_client */;

--
-- Dumping data for table `users_communities`
--

LOCK TABLES `users_communities` WRITE;
/*!40000 ALTER TABLE `users_communities` DISABLE KEYS */;
INSERT INTO `users_communities` VALUES (1,1,1),(2,2,1),(3,3,0),(4,4,0),(5,5,0),(6,6,1),(7,7,1),(8,8,0),(9,9,0),(10,10,0),(11,11,1),(12,12,0),(13,13,0),(14,14,1),(15,15,0),(16,16,0),(17,17,1),(18,18,1),(19,19,1),(20,20,0),(21,21,1),(22,22,1),(23,23,1),(24,24,0),(25,25,0),(26,26,0),(27,27,1),(28,28,1),(29,29,1),(30,30,0),(31,31,0),(32,32,1),(33,33,1),(34,34,0),(35,35,1),(36,36,0),(37,37,0),(38,38,1),(39,39,1),(40,40,1),(41,41,0),(42,42,0),(43,43,0),(44,44,0),(45,45,0),(46,46,1),(47,47,0),(48,48,1),(49,49,0),(50,50,1),(51,51,1),(52,52,0),(53,53,0),(54,54,0),(55,55,1),(56,56,1),(57,57,0),(58,58,1),(59,59,0),(60,60,1),(61,61,0),(62,62,0),(63,63,1),(64,64,0),(65,65,1),(66,66,1),(67,67,1),(68,68,1),(69,69,0),(70,70,0),(71,71,0),(72,72,1),(73,73,1),(74,74,0),(75,75,1),(76,76,1),(77,77,0),(78,78,1),(79,79,0),(80,80,0),(81,81,1),(82,82,0),(83,83,1),(84,84,0),(85,85,0),(86,86,0),(87,87,0),(88,88,0),(89,89,0),(90,90,0),(91,91,1),(92,92,1),(93,93,0),(94,94,1),(95,95,0),(96,96,1),(97,97,0),(98,98,0),(99,99,1),(100,100,0);
/*!40000 ALTER TABLE `users_communities` ENABLE KEYS */;
UNLOCK TABLES;
/*!40103 SET TIME_ZONE=@OLD_TIME_ZONE */;

/*!40101 SET SQL_MODE=@OLD_SQL_MODE */;
/*!40014 SET FOREIGN_KEY_CHECKS=@OLD_FOREIGN_KEY_CHECKS */;
/*!40014 SET UNIQUE_CHECKS=@OLD_UNIQUE_CHECKS */;
/*!40101 SET CHARACTER_SET_CLIENT=@OLD_CHARACTER_SET_CLIENT */;
/*!40101 SET CHARACTER_SET_RESULTS=@OLD_CHARACTER_SET_RESULTS */;
/*!40101 SET COLLATION_CONNECTION=@OLD_COLLATION_CONNECTION */;
/*!40111 SET SQL_NOTES=@OLD_SQL_NOTES */;

-- Dump completed on 2020-07-29 22:56:53
